agency,channel_id,video_id
NASA,UCLA_DiR1FfKNvjuUpBHmylQ,GzWzo0AXmTg
NASA,UCLA_DiR1FfKNvjuUpBHmylQ,V0oo_Nybo6w
NASA,UCLA_DiR1FfKNvjuUpBHmylQ,glb4RtTwL40
NASA,UCLA_DiR1FfKNvjuUpBHmylQ,aB1yRz0HhdY
NASA,UCLA_DiR1FfKNvjuUpBHmylQ,tTs799cmxBc
NASA,UCLA_DiR1FfKNvjuUpBHmylQ,nrVnsO_rdew
NASA,UCLA_DiR1FfKNvjuUpBHmylQ,Pn9lZtMXFxQ
NASA,UCLA_DiR1FfKNvjuUpBHmylQ,QFOVIAxEFng
NASA,UCLA_DiR1FfKNvjuUpBHmylQ,qRVoblm2Nxw
NASA,UCLA_DiR1FfKNvjuUpBHmylQ,IakRgsTYUDY
NASA,UCLA_DiR1FfKNvjuUpBHmylQ,X0398ExPsK8
NASA,UCLA_DiR1FfKNvjuUpBHmylQ,cqvpXwHTztY
NASA,UCLA_DiR1FfKNvjuUpBHmylQ,FV4Q9DryTG8
NASA,UCLA_DiR1FfKNvjuUpBHmylQ,ffcV3jCwwPk
NASA,UCLA_DiR1FfKNvjuUpBHmylQ,YSgLjktLfrQ
NASA,UCLA_DiR1FfKNvjuUpBHmylQ,iYmvCUonukw
NASA,UCLA_DiR1FfKNvjuUpBHmylQ,PlXrHQVrvmw
NASA,UCLA_DiR1FfKNvjuUpBHmylQ,uNuhG3kS7so
NASA,UCLA_DiR1FfKNvjuUpBHmylQ,F4rldqgCaHE
NASA,UCLA_DiR1FfKNvjuUpBHmylQ,WdQiPJ6KmRc
NASA,UCLA_DiR1FfKNvjuUpBHmylQ,pRBx5t3Hi8s
NASA,UCLA_DiR1FfKNvjuUpBHmylQ,nmBbcNTUkOg
NASA,UCLA_DiR1FfKNvjuUpBHmylQ,LTGnv08tpZ8
NASA,UCLA_DiR1FfKNvjuUpBHmylQ,oiOsmOTCbFE
NASA,UCLA_DiR1FfKNvjuUpBHmylQ,Jg6ua4104IA
NASA,UCLA_DiR1FfKNvjuUpBHmylQ,_ga47xnD5Bc
NASA,UCLA_DiR1FfKNvjuUpBHmylQ,RGG5hfoKEuw
NASA,UCLA_DiR1FfKNvjuUpBHmylQ,5N92gFwvD_s
NASA,UCLA_DiR1FfKNvjuUpBHmylQ,OIAduLEqvTc
NASA,UCLA_DiR1FfKNvjuUpBHmylQ,gWhAbWnm_oM
NASA,UCLA_DiR1FfKNvjuUpBHmylQ,IWPMM2-xt6w
NASA,UCLA_DiR1FfKNvjuUpBHmylQ,A55SUq2eDXg
NASA,UCLA_DiR1FfKNvjuUpBHmylQ,6tyr0ld2ZB4
NASA,UCLA_DiR1FfKNvjuUpBHmylQ,k4RaWqobggI
NASA,UCLA_DiR1FfKNvjuUpBHmylQ,OXm8uc5OB70
NASA,UCLA_DiR1FfKNvjuUpBHmylQ,1AHUqn0X4Hs
NASA,UCLA_DiR1FfKNvjuUpBHmylQ,G_4TUFQytQo
NASA,UCLA_DiR1FfKNvjuUpBHmylQ,NWzZ-8z8fME
NASA,UCLA_DiR1FfKNvjuUpBHmylQ,9M4JWcKEdL0
NASA,UCLA_DiR1FfKNvjuUpBHmylQ,9mq_lb_SmKE
NASA,UCLA_DiR1FfKNvjuUpBHmylQ,vNRrfamTT4k
NASA,UCLA_DiR1FfKNvjuUpBHmylQ,lH9BiTu4bAY
NASA,UCLA_DiR1FfKNvjuUpBHmylQ,SFvHUa4_VOU
NASA,UCLA_DiR1FfKNvjuUpBHmylQ,frX3-5xuGQs
NASA,UCLA_DiR1FfKNvjuUpBHmylQ,L4xu4OZ_KHI
NASA,UCLA_DiR1FfKNvjuUpBHmylQ,E-gzwILmPig
NASA,UCLA_DiR1FfKNvjuUpBHmylQ,zhNX543aYQA
NASA,UCLA_DiR1FfKNvjuUpBHmylQ,xNbNen3p0Qs
NASA,UCLA_DiR1FfKNvjuUpBHmylQ,AtuFHjmwIsA
NASA,UCLA_DiR1FfKNvjuUpBHmylQ,0XZGhnTCl88
NASA,UCLA_DiR1FfKNvjuUpBHmylQ,cf5HfytY71w
NASA,UCLA_DiR1FfKNvjuUpBHmylQ,Fyso-geJT6o
NASA,UCLA_DiR1FfKNvjuUpBHmylQ,I6kcpC5USL8
NASA,UCLA_DiR1FfKNvjuUpBHmylQ,FKsghZt8bLs
NASA,UCLA_DiR1FfKNvjuUpBHmylQ,6nXqUGNF4QY
NASA,UCLA_DiR1FfKNvjuUpBHmylQ,qk1JnExKcoo
NASA,UCLA_DiR1FfKNvjuUpBHmylQ,yDWiC3HMUHk
NASA,UCLA_DiR1FfKNvjuUpBHmylQ,9Q-u6hqCu-Q
NASA,UCLA_DiR1FfKNvjuUpBHmylQ,EqT3nDbwETc
NASA,UCLA_DiR1FfKNvjuUpBHmylQ,mYNE36hWNIQ
NASA,UCLA_DiR1FfKNvjuUpBHmylQ,Gn6qR__BbYg
NASA,UCLA_DiR1FfKNvjuUpBHmylQ,7EP0qaBo-tc
NASA,UCLA_DiR1FfKNvjuUpBHmylQ,UAQjknW5y9Y
NASA,UCLA_DiR1FfKNvjuUpBHmylQ,ihEtpPQCADQ
NASA,UCLA_DiR1FfKNvjuUpBHmylQ,206O9S9GLbg
NASA,UCLA_DiR1FfKNvjuUpBHmylQ,O5KhZbe_mS0
NASA,UCLA_DiR1FfKNvjuUpBHmylQ,k0ILMhbWHNQ
NASA,UCLA_DiR1FfKNvjuUpBHmylQ,U-k_LyA1DQQ
NASA,UCLA_DiR1FfKNvjuUpBHmylQ,fZXBSV6B37I
NASA,UCLA_DiR1FfKNvjuUpBHmylQ,waTmU9hyOqo
NASA,UCLA_DiR1FfKNvjuUpBHmylQ,rsczqMDrBfc
NASA,UCLA_DiR1FfKNvjuUpBHmylQ,zM_0aXxGN6g
NASA,UCLA_DiR1FfKNvjuUpBHmylQ,MhARw9Z8aZI
NASA,UCLA_DiR1FfKNvjuUpBHmylQ,fmm5wq53j-g
NASA,UCLA_DiR1FfKNvjuUpBHmylQ,BkUmeVlocCU
NASA,UCLA_DiR1FfKNvjuUpBHmylQ,klnj272VIJM
NASA,UCLA_DiR1FfKNvjuUpBHmylQ,gs1ic-neuWc
NASA,UCLA_DiR1FfKNvjuUpBHmylQ,1dmcRo4wp6E
NASA,UCLA_DiR1FfKNvjuUpBHmylQ,Rbymsx1N35k
NASA,UCLA_DiR1FfKNvjuUpBHmylQ,7eCWkePf9sk
NASA,UCLA_DiR1FfKNvjuUpBHmylQ,_4TT_1e6rkM
NASA,UCLA_DiR1FfKNvjuUpBHmylQ,uSMGENDH_QI
NASA,UCLA_DiR1FfKNvjuUpBHmylQ,Kk1vR7BdTno
NASA,UCLA_DiR1FfKNvjuUpBHmylQ,EU8dbEH25ak
NASA,UCLA_DiR1FfKNvjuUpBHmylQ,_hFKxXG_SrY
NASA,UCLA_DiR1FfKNvjuUpBHmylQ,r0bbq-soSfI
NASA,UCLA_DiR1FfKNvjuUpBHmylQ,z_qpt3eYn0c
NASA,UCLA_DiR1FfKNvjuUpBHmylQ,_MwmAwTQurs
NASA,UCLA_DiR1FfKNvjuUpBHmylQ,EJXTZ5jpSmk
NASA,UCLA_DiR1FfKNvjuUpBHmylQ,xP9LyPsqI_g
NASA,UCLA_DiR1FfKNvjuUpBHmylQ,5q8RKIRTqn4
NASA,UCLA_DiR1FfKNvjuUpBHmylQ,63uNNcCpxHI
NASA,UCLA_DiR1FfKNvjuUpBHmylQ,iTHUUjTA-LI
NASA,UCLA_DiR1FfKNvjuUpBHmylQ,UlBJrUBOpwo
NASA,UCLA_DiR1FfKNvjuUpBHmylQ,D-_UpmNP844
NASA,UCLA_DiR1FfKNvjuUpBHmylQ,4DmBm9gP460
NASA,UCLA_DiR1FfKNvjuUpBHmylQ,MXzy9GahNHE
NASA,UCLA_DiR1FfKNvjuUpBHmylQ,foC3zzJrYG8
NASA,UCLA_DiR1FfKNvjuUpBHmylQ,rc02JNRyG6g
NASA,UCLA_DiR1FfKNvjuUpBHmylQ,jOb2DQWvDvc
NASA,UCLA_DiR1FfKNvjuUpBHmylQ,_24pOffJqEg
NASA,UCLA_DiR1FfKNvjuUpBHmylQ,4841piONzVk
NASA,UCLA_DiR1FfKNvjuUpBHmylQ,tzNAWw9EerQ
NASA,UCLA_DiR1FfKNvjuUpBHmylQ,tqejrlbfB84
NASA,UCLA_DiR1FfKNvjuUpBHmylQ,83VU509bbKQ
NASA,UCLA_DiR1FfKNvjuUpBHmylQ,b7Kk4r9DomA
NASA,UCLA_DiR1FfKNvjuUpBHmylQ,dC807gzD9l8
NASA,UCLA_DiR1FfKNvjuUpBHmylQ,w8PLJrJuU8Q
NASA,UCLA_DiR1FfKNvjuUpBHmylQ,ryHNj_SLwlE
NASA,UCLA_DiR1FfKNvjuUpBHmylQ,Nm6S_DD3F04
NASA,UCLA_DiR1FfKNvjuUpBHmylQ,SCNKXOmsU90
NASA,UCLA_DiR1FfKNvjuUpBHmylQ,1DEx3bnr6gQ
NASA,UCLA_DiR1FfKNvjuUpBHmylQ,TezRF9gidHg
NASA,UCLA_DiR1FfKNvjuUpBHmylQ,SuACiCr_69g
NASA,UCLA_DiR1FfKNvjuUpBHmylQ,XJVKM90SdKs
NASA,UCLA_DiR1FfKNvjuUpBHmylQ,IDYt1l_7UvU
NASA,UCLA_DiR1FfKNvjuUpBHmylQ,0QB1Rmfy_pQ
NASA,UCLA_DiR1FfKNvjuUpBHmylQ,oMWEUswX0tA
NASA,UCLA_DiR1FfKNvjuUpBHmylQ,yf8uN4VGCCs
NASA,UCLA_DiR1FfKNvjuUpBHmylQ,9RTehiOVIDw
NASA,UCLA_DiR1FfKNvjuUpBHmylQ,BqBUQoPW0Aw
NASA,UCLA_DiR1FfKNvjuUpBHmylQ,GB06dUoGGRI
NASA,UCLA_DiR1FfKNvjuUpBHmylQ,qkTcmQJdGKg
NASA,UCLA_DiR1FfKNvjuUpBHmylQ,qGLi-prnxDE
NASA,UCLA_DiR1FfKNvjuUpBHmylQ,75P6zZmTyFQ
NASA,UCLA_DiR1FfKNvjuUpBHmylQ,VOPL8nhmQU4
NASA,UCLA_DiR1FfKNvjuUpBHmylQ,3VYdarvP3yc
NASA,UCLA_DiR1FfKNvjuUpBHmylQ,3SSjzdj-ONw
NASA,UCLA_DiR1FfKNvjuUpBHmylQ,Lx8qzcomV5A
NASA,UCLA_DiR1FfKNvjuUpBHmylQ,7lQTg4nvSJI
NASA,UCLA_DiR1FfKNvjuUpBHmylQ,wfzmpIOVpf4
NASA,UCLA_DiR1FfKNvjuUpBHmylQ,UWhj4qJdYWw
NASA,UCLA_DiR1FfKNvjuUpBHmylQ,mrqXTHiphn0
NASA,UCLA_DiR1FfKNvjuUpBHmylQ,4gDntIl2JSc
NASA,UCLA_DiR1FfKNvjuUpBHmylQ,yuxWyIe8TIc
NASA,UCLA_DiR1FfKNvjuUpBHmylQ,Ke6XX8FHOHM
NASA,UCLA_DiR1FfKNvjuUpBHmylQ,VzhL3qDqsjY
NASA,UCLA_DiR1FfKNvjuUpBHmylQ,wQD4fTDScPE
NASA,UCLA_DiR1FfKNvjuUpBHmylQ,6pHKGo9bUZw
NASA,UCLA_DiR1FfKNvjuUpBHmylQ,xIjuBrPlxTU
NASA,UCLA_DiR1FfKNvjuUpBHmylQ,XQgTNI8uow0
NASA,UCLA_DiR1FfKNvjuUpBHmylQ,RYPk8fz_SbE
NASA,UCLA_DiR1FfKNvjuUpBHmylQ,aMdYV3_rlP8
NASA,UCLA_DiR1FfKNvjuUpBHmylQ,BSs2MLkByNQ
NASA,UCLA_DiR1FfKNvjuUpBHmylQ,PPQ29WRT-rU
NASA,UCLA_DiR1FfKNvjuUpBHmylQ,oYMTXZ1a2NU
NASA,UCLA_DiR1FfKNvjuUpBHmylQ,25pIyNdFBi0
NASA,UCLA_DiR1FfKNvjuUpBHmylQ,plS6ijeJjf4
NASA,UCLA_DiR1FfKNvjuUpBHmylQ,pvjzva-q58Y
NASA,UCLA_DiR1FfKNvjuUpBHmylQ,mAP-ywsh_HI
NASA,UCLA_DiR1FfKNvjuUpBHmylQ,DO2tTUmoXmk
NASA,UCLA_DiR1FfKNvjuUpBHmylQ,_cgTVTwu4nw
NASA,UCLA_DiR1FfKNvjuUpBHmylQ,kOB8uU5Ai4M
NASA,UCLA_DiR1FfKNvjuUpBHmylQ,feF41iREr90
NASA,UCLA_DiR1FfKNvjuUpBHmylQ,5CRB3FHV9Dw
NASA,UCLA_DiR1FfKNvjuUpBHmylQ,8A_MK-80T-E
NASA,UCLA_DiR1FfKNvjuUpBHmylQ,xPwRs--JIf0
NASA,UCLA_DiR1FfKNvjuUpBHmylQ,iX1JBbNlZyk
NASA,UCLA_DiR1FfKNvjuUpBHmylQ,lQToTWKwtuw
NASA,UCLA_DiR1FfKNvjuUpBHmylQ,MiiTYYTqoJY
NASA,UCLA_DiR1FfKNvjuUpBHmylQ,BYJ7PgdgXUY
NASA,UCLA_DiR1FfKNvjuUpBHmylQ,SKXtysRx0b4
NASA,UCLA_DiR1FfKNvjuUpBHmylQ,5GeAORj0Nw0
NASA,UCLA_DiR1FfKNvjuUpBHmylQ,CZMRV1u5VGw
NASA,UCLA_DiR1FfKNvjuUpBHmylQ,b7kv9DT_Vgk
NASA,UCLA_DiR1FfKNvjuUpBHmylQ,bXfPTDrh2ZY
NASA,UCLA_DiR1FfKNvjuUpBHmylQ,CxXF7LL74CI
NASA,UCLA_DiR1FfKNvjuUpBHmylQ,AOEtSq7XHA8
NASA,UCLA_DiR1FfKNvjuUpBHmylQ,c59N7aHLZx8
NASA,UCLA_DiR1FfKNvjuUpBHmylQ,vZ0T-cZWh78
NASA,UCLA_DiR1FfKNvjuUpBHmylQ,_79y0yZs0dc
NASA,UCLA_DiR1FfKNvjuUpBHmylQ,UDiNFG9_EWE
NASA,UCLA_DiR1FfKNvjuUpBHmylQ,AGOswKRSsHc
NASA,UCLA_DiR1FfKNvjuUpBHmylQ,MlS6QGFccnI
NASA,UCLA_DiR1FfKNvjuUpBHmylQ,ygZbRXntRq0
NASA,UCLA_DiR1FfKNvjuUpBHmylQ,JhFi-h65kz0
NASA,UCLA_DiR1FfKNvjuUpBHmylQ,yVcxTCNsFHQ
NASA,UCLA_DiR1FfKNvjuUpBHmylQ,ycDoaIn6wuk
NASA,UCLA_DiR1FfKNvjuUpBHmylQ,chz62jsuHbw
NASA,UCLA_DiR1FfKNvjuUpBHmylQ,8IufyHeQ_VU
NASA,UCLA_DiR1FfKNvjuUpBHmylQ,ijkkPoXQukY
NASA,UCLA_DiR1FfKNvjuUpBHmylQ,4awlaTJFacc
NASA,UCLA_DiR1FfKNvjuUpBHmylQ,F4HH_fL7QVk
NASA,UCLA_DiR1FfKNvjuUpBHmylQ,KY36fBuChtU
NASA,UCLA_DiR1FfKNvjuUpBHmylQ,11xm95MtOr4
NASA,UCLA_DiR1FfKNvjuUpBHmylQ,ylt0oaeTVxc
NASA,UCLA_DiR1FfKNvjuUpBHmylQ,scmu9IcyK5k
NASA,UCLA_DiR1FfKNvjuUpBHmylQ,hnRdIMklPow
NASA,UCLA_DiR1FfKNvjuUpBHmylQ,onY-J1Pvegk
NASA,UCLA_DiR1FfKNvjuUpBHmylQ,OT9i7U3Lv7Q
NASA,UCLA_DiR1FfKNvjuUpBHmylQ,ybaWL0J-Tbw
NASA,UCLA_DiR1FfKNvjuUpBHmylQ,HneVxAmYcaA
NASA,UCLA_DiR1FfKNvjuUpBHmylQ,aEi5boWupRk
NASA,UCLA_DiR1FfKNvjuUpBHmylQ,xQeA-KzTL34
NASA,UCLA_DiR1FfKNvjuUpBHmylQ,n3LH7Hd0L5s
NASA,UCLA_DiR1FfKNvjuUpBHmylQ,qb2ONVgj-3Q
NASA,UCLA_DiR1FfKNvjuUpBHmylQ,53OK0s2uenY
NASA,UCLA_DiR1FfKNvjuUpBHmylQ,WZFLQXlFDRY
NASA,UCLA_DiR1FfKNvjuUpBHmylQ,wb3qcR2tUQs
NASA,UCLA_DiR1FfKNvjuUpBHmylQ,AWnlKp_HfdM
WhiteHouse,UCYxRlFDqcWM4y7FfpiAN3KQ,TCzHuLm-m9E
WhiteHouse,UCYxRlFDqcWM4y7FfpiAN3KQ,cSRJ1h8aWsA
WhiteHouse,UCYxRlFDqcWM4y7FfpiAN3KQ,Dp_SWEqi65s
WhiteHouse,UCYxRlFDqcWM4y7FfpiAN3KQ,0BvdnypN9YQ
WhiteHouse,UCYxRlFDqcWM4y7FfpiAN3KQ,F5tK4I7NOrY
WhiteHouse,UCYxRlFDqcWM4y7FfpiAN3KQ,hIwTXgtyaXU
WhiteHouse,UCYxRlFDqcWM4y7FfpiAN3KQ,akCFsWnu3KQ
WhiteHouse,UCYxRlFDqcWM4y7FfpiAN3KQ,YR6d3DbwJ9E
WhiteHouse,UCYxRlFDqcWM4y7FfpiAN3KQ,Uh2uUR6p3TI
WhiteHouse,UCYxRlFDqcWM4y7FfpiAN3KQ,4fLwOxHXVE0
WhiteHouse,UCYxRlFDqcWM4y7FfpiAN3KQ,dBNpcRs-Bhs
WhiteHouse,UCYxRlFDqcWM4y7FfpiAN3KQ,5TT6R_Xps7w
WhiteHouse,UCYxRlFDqcWM4y7FfpiAN3KQ,pFOcMYJdUk4
WhiteHouse,UCYxRlFDqcWM4y7FfpiAN3KQ,S0uSK9MaCdA
WhiteHouse,UCYxRlFDqcWM4y7FfpiAN3KQ,HVMo1k3aBt0
WhiteHouse,UCYxRlFDqcWM4y7FfpiAN3KQ,maxVnPKF9dg
WhiteHouse,UCYxRlFDqcWM4y7FfpiAN3KQ,FnhWsFMAqO4
WhiteHouse,UCYxRlFDqcWM4y7FfpiAN3KQ,UAvexWYHhOE
WhiteHouse,UCYxRlFDqcWM4y7FfpiAN3KQ,prdSj9caeQw
WhiteHouse,UCYxRlFDqcWM4y7FfpiAN3KQ,kyYystR45bA
WhiteHouse,UCYxRlFDqcWM4y7FfpiAN3KQ,jS5_LLrAaAA
WhiteHouse,UCYxRlFDqcWM4y7FfpiAN3KQ,pWJ2ZEoR-S8
WhiteHouse,UCYxRlFDqcWM4y7FfpiAN3KQ,XRzKk3jp3nY
WhiteHouse,UCYxRlFDqcWM4y7FfpiAN3KQ,6JNbcVjoqcc
WhiteHouse,UCYxRlFDqcWM4y7FfpiAN3KQ,oNQoMMo8hYw
WhiteHouse,UCYxRlFDqcWM4y7FfpiAN3KQ,o2Foof1w3z8
WhiteHouse,UCYxRlFDqcWM4y7FfpiAN3KQ,d2REbISynLg
WhiteHouse,UCYxRlFDqcWM4y7FfpiAN3KQ,u8Prt_b8xqI
WhiteHouse,UCYxRlFDqcWM4y7FfpiAN3KQ,IDxOfZMbJ2A
WhiteHouse,UCYxRlFDqcWM4y7FfpiAN3KQ,TuJ4FlbCm2A
WhiteHouse,UCYxRlFDqcWM4y7FfpiAN3KQ,G42K1NBR_qI
WhiteHouse,UCYxRlFDqcWM4y7FfpiAN3KQ,bwfmdTX3Pq8
WhiteHouse,UCYxRlFDqcWM4y7FfpiAN3KQ,7qSdL-fVlfY
WhiteHouse,UCYxRlFDqcWM4y7FfpiAN3KQ,2itol6xtloc
WhiteHouse,UCYxRlFDqcWM4y7FfpiAN3KQ,vGGkHp5MrQg
WhiteHouse,UCYxRlFDqcWM4y7FfpiAN3KQ,roPFrhEclsc
WhiteHouse,UCYxRlFDqcWM4y7FfpiAN3KQ,XK-soLHIdNs
WhiteHouse,UCYxRlFDqcWM4y7FfpiAN3KQ,8G9INItX0-c
WhiteHouse,UCYxRlFDqcWM4y7FfpiAN3KQ,bauj7YDTNVk
WhiteHouse,UCYxRlFDqcWM4y7FfpiAN3KQ,SgaVjksOo70
WhiteHouse,UCYxRlFDqcWM4y7FfpiAN3KQ,HxcWFL67nf8
WhiteHouse,UCYxRlFDqcWM4y7FfpiAN3KQ,fUzNupJidq4
WhiteHouse,UCYxRlFDqcWM4y7FfpiAN3KQ,fr2re-630k8
WhiteHouse,UCYxRlFDqcWM4y7FfpiAN3KQ,5SH_GW4_NDQ
WhiteHouse,UCYxRlFDqcWM4y7FfpiAN3KQ,hJWh6GGzQXM
WhiteHouse,UCYxRlFDqcWM4y7FfpiAN3KQ,o3iNCi6wE6k
WhiteHouse,UCYxRlFDqcWM4y7FfpiAN3KQ,o5OyMkcTTlo
WhiteHouse,UCYxRlFDqcWM4y7FfpiAN3KQ,98X9b0KhYuo
WhiteHouse,UCYxRlFDqcWM4y7FfpiAN3KQ,lGTJgtL_QYw
WhiteHouse,UCYxRlFDqcWM4y7FfpiAN3KQ,do8VAIJf2e4
WhiteHouse,UCYxRlFDqcWM4y7FfpiAN3KQ,joTcvD7QUMs
WhiteHouse,UCYxRlFDqcWM4y7FfpiAN3KQ,_aHJi6ODF8c
WhiteHouse,UCYxRlFDqcWM4y7FfpiAN3KQ,RfIaJSdDnN0
WhiteHouse,UCYxRlFDqcWM4y7FfpiAN3KQ,92Qe6jGcRUs
WhiteHouse,UCYxRlFDqcWM4y7FfpiAN3KQ,s13uZk82WF0
WhiteHouse,UCYxRlFDqcWM4y7FfpiAN3KQ,8zUOmTsoTt4
WhiteHouse,UCYxRlFDqcWM4y7FfpiAN3KQ,FOE4we-y-5A
WhiteHouse,UCYxRlFDqcWM4y7FfpiAN3KQ,iaE8lw8_x30
WhiteHouse,UCYxRlFDqcWM4y7FfpiAN3KQ,Z-X3snagLk0
WhiteHouse,UCYxRlFDqcWM4y7FfpiAN3KQ,2nQNCRtfGiI
WhiteHouse,UCYxRlFDqcWM4y7FfpiAN3KQ,CEU71pxOk3Q
WhiteHouse,UCYxRlFDqcWM4y7FfpiAN3KQ,eRP3_IMs_zg
WhiteHouse,UCYxRlFDqcWM4y7FfpiAN3KQ,L5_A6-1-1eM
WhiteHouse,UCYxRlFDqcWM4y7FfpiAN3KQ,R_BILWX5md0
WhiteHouse,UCYxRlFDqcWM4y7FfpiAN3KQ,LPcVdVlJyh8
WhiteHouse,UCYxRlFDqcWM4y7FfpiAN3KQ,93rViYqzFEw
WhiteHouse,UCYxRlFDqcWM4y7FfpiAN3KQ,pqzh65k7ekw
WhiteHouse,UCYxRlFDqcWM4y7FfpiAN3KQ,gBrcwcDSS-g
WhiteHouse,UCYxRlFDqcWM4y7FfpiAN3KQ,3VKAmX7odTQ
WhiteHouse,UCYxRlFDqcWM4y7FfpiAN3KQ,rrq9nSQq0pk
WhiteHouse,UCYxRlFDqcWM4y7FfpiAN3KQ,Orwj-_KGhPo
WhiteHouse,UCYxRlFDqcWM4y7FfpiAN3KQ,N6tzCCyfwFM
WhiteHouse,UCYxRlFDqcWM4y7FfpiAN3KQ,6xTmVbW86Y4
WhiteHouse,UCYxRlFDqcWM4y7FfpiAN3KQ,9XVjd3R2T3g
WhiteHouse,UCYxRlFDqcWM4y7FfpiAN3KQ,d9UxgwzfP_A
WhiteHouse,UCYxRlFDqcWM4y7FfpiAN3KQ,SsdkClL2_bg
WhiteHouse,UCYxRlFDqcWM4y7FfpiAN3KQ,iAqf4lDOq1g
WhiteHouse,UCYxRlFDqcWM4y7FfpiAN3KQ,KibXsypmpQs
WhiteHouse,UCYxRlFDqcWM4y7FfpiAN3KQ,lTYWb449DdE
WhiteHouse,UCYxRlFDqcWM4y7FfpiAN3KQ,SfnYKHOLsZY
WhiteHouse,UCYxRlFDqcWM4y7FfpiAN3KQ,CJq1ijIQu1w
WhiteHouse,UCYxRlFDqcWM4y7FfpiAN3KQ,E8Io_bwl6jE
WhiteHouse,UCYxRlFDqcWM4y7FfpiAN3KQ,J7ju73zJHK4
WhiteHouse,UCYxRlFDqcWM4y7FfpiAN3KQ,u6wkXTzfC_g
WhiteHouse,UCYxRlFDqcWM4y7FfpiAN3KQ,w-rK1_CmG5A
WhiteHouse,UCYxRlFDqcWM4y7FfpiAN3KQ,gnk4z8YxpJQ
WhiteHouse,UCYxRlFDqcWM4y7FfpiAN3KQ,giI6KAkrowk
WhiteHouse,UCYxRlFDqcWM4y7FfpiAN3KQ,lhqNO6c0iuI
WhiteHouse,UCYxRlFDqcWM4y7FfpiAN3KQ,Cjioih3LWng
WhiteHouse,UCYxRlFDqcWM4y7FfpiAN3KQ,AccMq5kfDz0
WhiteHouse,UCYxRlFDqcWM4y7FfpiAN3KQ,H9uzoX3rwsg
WhiteHouse,UCYxRlFDqcWM4y7FfpiAN3KQ,gJRYPnxNuW4
WhiteHouse,UCYxRlFDqcWM4y7FfpiAN3KQ,_53yJh2uuIc
WhiteHouse,UCYxRlFDqcWM4y7FfpiAN3KQ,u1E6dj9-ip8
WhiteHouse,UCYxRlFDqcWM4y7FfpiAN3KQ,e8uvILQ8WiM
WhiteHouse,UCYxRlFDqcWM4y7FfpiAN3KQ,xuQ2LebNwbY
WhiteHouse,UCYxRlFDqcWM4y7FfpiAN3KQ,NPQgFalYcLA
WhiteHouse,UCYxRlFDqcWM4y7FfpiAN3KQ,FKU63HY1KJQ
WhiteHouse,UCYxRlFDqcWM4y7FfpiAN3KQ,Pm8YcTKjdjA
WhiteHouse,UCYxRlFDqcWM4y7FfpiAN3KQ,16OUgQjUQQs
WhiteHouse,UCYxRlFDqcWM4y7FfpiAN3KQ,uE9B-GSJG4g
WhiteHouse,UCYxRlFDqcWM4y7FfpiAN3KQ,DTVbPs1RoKo
WhiteHouse,UCYxRlFDqcWM4y7FfpiAN3KQ,DpLvGmPetds
WhiteHouse,UCYxRlFDqcWM4y7FfpiAN3KQ,kAA4W5Fos4c
WhiteHouse,UCYxRlFDqcWM4y7FfpiAN3KQ,aISzFkJ9m68
WhiteHouse,UCYxRlFDqcWM4y7FfpiAN3KQ,2Klj__nvcQg
WhiteHouse,UCYxRlFDqcWM4y7FfpiAN3KQ,u3jkA1cHPKc
WhiteHouse,UCYxRlFDqcWM4y7FfpiAN3KQ,J0NTq_snbwI
WhiteHouse,UCYxRlFDqcWM4y7FfpiAN3KQ,tdlvy2-IyRU
WhiteHouse,UCYxRlFDqcWM4y7FfpiAN3KQ,fUPfjG_b0e8
WhiteHouse,UCYxRlFDqcWM4y7FfpiAN3KQ,sGtiO4jrdnE
WhiteHouse,UCYxRlFDqcWM4y7FfpiAN3KQ,AIhqiRgV2WI
WhiteHouse,UCYxRlFDqcWM4y7FfpiAN3KQ,GXDJf_LbkHw
WhiteHouse,UCYxRlFDqcWM4y7FfpiAN3KQ,xPfuBBD7NYc
WhiteHouse,UCYxRlFDqcWM4y7FfpiAN3KQ,sdLc4_GYWXc
WhiteHouse,UCYxRlFDqcWM4y7FfpiAN3KQ,KLhVAWzOP5c
WhiteHouse,UCYxRlFDqcWM4y7FfpiAN3KQ,y8IvCQXh0Vw
WhiteHouse,UCYxRlFDqcWM4y7FfpiAN3KQ,D-773xgoRdY
WhiteHouse,UCYxRlFDqcWM4y7FfpiAN3KQ,Vcj5wzQzAD0
WhiteHouse,UCYxRlFDqcWM4y7FfpiAN3KQ,bkZ3ViRsfZQ
WhiteHouse,UCYxRlFDqcWM4y7FfpiAN3KQ,7W5RHSSYrd0
WhiteHouse,UCYxRlFDqcWM4y7FfpiAN3KQ,lNZOl3kyIEs
WhiteHouse,UCYxRlFDqcWM4y7FfpiAN3KQ,ECdSJVeFlHM
WhiteHouse,UCYxRlFDqcWM4y7FfpiAN3KQ,zhY_37XgtEg
WhiteHouse,UCYxRlFDqcWM4y7FfpiAN3KQ,idczmOGtgR8
WhiteHouse,UCYxRlFDqcWM4y7FfpiAN3KQ,-Ijn-W6VAPw
WhiteHouse,UCYxRlFDqcWM4y7FfpiAN3KQ,trU0vxQ-syo
WhiteHouse,UCYxRlFDqcWM4y7FfpiAN3KQ,As557pqGUZU
WhiteHouse,UCYxRlFDqcWM4y7FfpiAN3KQ,5w_t83xyQhI
WhiteHouse,UCYxRlFDqcWM4y7FfpiAN3KQ,aSjFgvQHuKk
WhiteHouse,UCYxRlFDqcWM4y7FfpiAN3KQ,PzsmWY4ETK8
WhiteHouse,UCYxRlFDqcWM4y7FfpiAN3KQ,tOyaDCx2oRA
WhiteHouse,UCYxRlFDqcWM4y7FfpiAN3KQ,lOhY54pUSH8
WhiteHouse,UCYxRlFDqcWM4y7FfpiAN3KQ,I8WJz5A1Q7Y
WhiteHouse,UCYxRlFDqcWM4y7FfpiAN3KQ,lwhSAK6E3Mg
WhiteHouse,UCYxRlFDqcWM4y7FfpiAN3KQ,lbVWti0AerQ
WhiteHouse,UCYxRlFDqcWM4y7FfpiAN3KQ,2oL-Gk2jGc8
WhiteHouse,UCYxRlFDqcWM4y7FfpiAN3KQ,RkiZUyHSf1Q
WhiteHouse,UCYxRlFDqcWM4y7FfpiAN3KQ,N91WsLcBJsw
WhiteHouse,UCYxRlFDqcWM4y7FfpiAN3KQ,wB2JvZnxe7g
WhiteHouse,UCYxRlFDqcWM4y7FfpiAN3KQ,rlwh8i70q-c
WhiteHouse,UCYxRlFDqcWM4y7FfpiAN3KQ,y5mSHlNOh2o
WhiteHouse,UCYxRlFDqcWM4y7FfpiAN3KQ,3ClF_EFxP-M
WhiteHouse,UCYxRlFDqcWM4y7FfpiAN3KQ,oAj3sfiX-J4
WhiteHouse,UCYxRlFDqcWM4y7FfpiAN3KQ,cE4qaPS-sAE
WhiteHouse,UCYxRlFDqcWM4y7FfpiAN3KQ,T7-SmPHMAI4
WhiteHouse,UCYxRlFDqcWM4y7FfpiAN3KQ,CDtFKJ0I0AU
WhiteHouse,UCYxRlFDqcWM4y7FfpiAN3KQ,LpONSBkcseQ
WhiteHouse,UCYxRlFDqcWM4y7FfpiAN3KQ,WwBzHksi9QE
WhiteHouse,UCYxRlFDqcWM4y7FfpiAN3KQ,WPgHy7hpr1I
WhiteHouse,UCYxRlFDqcWM4y7FfpiAN3KQ,MoEAlhUTVnE
WhiteHouse,UCYxRlFDqcWM4y7FfpiAN3KQ,hU5GMKx-DLY
WhiteHouse,UCYxRlFDqcWM4y7FfpiAN3KQ,dQWOh775ifs
WhiteHouse,UCYxRlFDqcWM4y7FfpiAN3KQ,YHomSA0kvA0
WhiteHouse,UCYxRlFDqcWM4y7FfpiAN3KQ,xruia1Co3VM
WhiteHouse,UCYxRlFDqcWM4y7FfpiAN3KQ,H2XBTiZ-qDI
WhiteHouse,UCYxRlFDqcWM4y7FfpiAN3KQ,cHgk3TSP-r4
WhiteHouse,UCYxRlFDqcWM4y7FfpiAN3KQ,mbtI9ZzGG-U
WhiteHouse,UCYxRlFDqcWM4y7FfpiAN3KQ,rPeJpgmKq4w
WhiteHouse,UCYxRlFDqcWM4y7FfpiAN3KQ,RKK-IqqRqpM
WhiteHouse,UCYxRlFDqcWM4y7FfpiAN3KQ,s2nPSurnD8o
WhiteHouse,UCYxRlFDqcWM4y7FfpiAN3KQ,2Ey5TwGj7Cc
WhiteHouse,UCYxRlFDqcWM4y7FfpiAN3KQ,qQCaCqLmdZU
WhiteHouse,UCYxRlFDqcWM4y7FfpiAN3KQ,fIW7HyTUpms
WhiteHouse,UCYxRlFDqcWM4y7FfpiAN3KQ,Es2kgakECF4
WhiteHouse,UCYxRlFDqcWM4y7FfpiAN3KQ,aGby18D7SOg
WhiteHouse,UCYxRlFDqcWM4y7FfpiAN3KQ,pZSd7jn9CSc
WhiteHouse,UCYxRlFDqcWM4y7FfpiAN3KQ,7fCJABZwnhc
WhiteHouse,UCYxRlFDqcWM4y7FfpiAN3KQ,_UNcpbCfpqw
WhiteHouse,UCYxRlFDqcWM4y7FfpiAN3KQ,QwgDZhS289M
WhiteHouse,UCYxRlFDqcWM4y7FfpiAN3KQ,Dr4yrxfaFS0
WhiteHouse,UCYxRlFDqcWM4y7FfpiAN3KQ,07HD4UdFDos
WhiteHouse,UCYxRlFDqcWM4y7FfpiAN3KQ,mSMcTTiRam8
WhiteHouse,UCYxRlFDqcWM4y7FfpiAN3KQ,rKVM9pn0RZY
WhiteHouse,UCYxRlFDqcWM4y7FfpiAN3KQ,dvcjIxvrCD4
WhiteHouse,UCYxRlFDqcWM4y7FfpiAN3KQ,BJFoQQ97F3o
WhiteHouse,UCYxRlFDqcWM4y7FfpiAN3KQ,ODtigCHn1NQ
WhiteHouse,UCYxRlFDqcWM4y7FfpiAN3KQ,yNqHRvLUwQw
WhiteHouse,UCYxRlFDqcWM4y7FfpiAN3KQ,2H6IrcbL-Pg
WhiteHouse,UCYxRlFDqcWM4y7FfpiAN3KQ,ByUIHf7H4G4
WhiteHouse,UCYxRlFDqcWM4y7FfpiAN3KQ,50aCshcMegA
WhiteHouse,UCYxRlFDqcWM4y7FfpiAN3KQ,9k630g-ODtc
WhiteHouse,UCYxRlFDqcWM4y7FfpiAN3KQ,w7JSzAMTZzk
WhiteHouse,UCYxRlFDqcWM4y7FfpiAN3KQ,q53XF8Ai1Fs
WhiteHouse,UCYxRlFDqcWM4y7FfpiAN3KQ,rFGsoo6sYh4
WhiteHouse,UCYxRlFDqcWM4y7FfpiAN3KQ,6pdfmPjVrGI
WhiteHouse,UCYxRlFDqcWM4y7FfpiAN3KQ,qcc_IqA0_DY
WhiteHouse,UCYxRlFDqcWM4y7FfpiAN3KQ,XWy7u0Gk4ew
WhiteHouse,UCYxRlFDqcWM4y7FfpiAN3KQ,NlFKWRF8K9w
WhiteHouse,UCYxRlFDqcWM4y7FfpiAN3KQ,nDanzN1EUeE
WhiteHouse,UCYxRlFDqcWM4y7FfpiAN3KQ,6LymY6lx9XM
WhiteHouse,UCYxRlFDqcWM4y7FfpiAN3KQ,JVb4K1Pzr7w
WhiteHouse,UCYxRlFDqcWM4y7FfpiAN3KQ,FNgmfbP0GHc
WhiteHouse,UCYxRlFDqcWM4y7FfpiAN3KQ,t5v-NYVaHzs
WhiteHouse,UCYxRlFDqcWM4y7FfpiAN3KQ,zkn9DbXiRkg
WhiteHouse,UCYxRlFDqcWM4y7FfpiAN3KQ,D0_1MbanXRM
WhiteHouse,UCYxRlFDqcWM4y7FfpiAN3KQ,g9MYxodVrRo
WhiteHouse,UCYxRlFDqcWM4y7FfpiAN3KQ,7yvSLA-MYCE
WhiteHouse,UCYxRlFDqcWM4y7FfpiAN3KQ,n0CpuSf99bI
WhiteHouse,UCYxRlFDqcWM4y7FfpiAN3KQ,Y5qTztdU998
FEMA,UCVrYey5SZMid_VZk9D8tYmA,0e1Dy33fR_Q
FEMA,UCVrYey5SZMid_VZk9D8tYmA,xkT64hcJZBg
FEMA,UCVrYey5SZMid_VZk9D8tYmA,BUN3Uws2vi4
FEMA,UCVrYey5SZMid_VZk9D8tYmA,djaQkVJUawU
FEMA,UCVrYey5SZMid_VZk9D8tYmA,VCV9JmRWyC8
FEMA,UCVrYey5SZMid_VZk9D8tYmA,o4enqHGluLI
FEMA,UCVrYey5SZMid_VZk9D8tYmA,Dgk9MaXbUm0
FEMA,UCVrYey5SZMid_VZk9D8tYmA,HVIfQUmIBRs
FEMA,UCVrYey5SZMid_VZk9D8tYmA,P55igZKUz_o
FEMA,UCVrYey5SZMid_VZk9D8tYmA,O_4_TGRf5U8
FEMA,UCVrYey5SZMid_VZk9D8tYmA,ymMkJIBrEZE
FEMA,UCVrYey5SZMid_VZk9D8tYmA,AHH0fmlBq8Y
FEMA,UCVrYey5SZMid_VZk9D8tYmA,SFVClHXPw4M
FEMA,UCVrYey5SZMid_VZk9D8tYmA,Pb3Akptcx5s
FEMA,UCVrYey5SZMid_VZk9D8tYmA,rP50qq1mwIk
FEMA,UCVrYey5SZMid_VZk9D8tYmA,xi_G2vI_fWU
FEMA,UCVrYey5SZMid_VZk9D8tYmA,4FnrH1Hr8vo
FEMA,UCVrYey5SZMid_VZk9D8tYmA,oKdhF_H6Z-w
FEMA,UCVrYey5SZMid_VZk9D8tYmA,ryNgsCjqP3U
FEMA,UCVrYey5SZMid_VZk9D8tYmA,31lQzNga-oo
FEMA,UCVrYey5SZMid_VZk9D8tYmA,9RF3tqG5Xhc
FEMA,UCVrYey5SZMid_VZk9D8tYmA,EtZ1VDB8Cuc
FEMA,UCVrYey5SZMid_VZk9D8tYmA,-s9uV_GVMNw
FEMA,UCVrYey5SZMid_VZk9D8tYmA,wXcaCnb_3R4
FEMA,UCVrYey5SZMid_VZk9D8tYmA,cQ0jpo8ZODE
FEMA,UCVrYey5SZMid_VZk9D8tYmA,GXdehBAJqKw
FEMA,UCVrYey5SZMid_VZk9D8tYmA,DtKWifC8PCQ
FEMA,UCVrYey5SZMid_VZk9D8tYmA,r4yjhw6Pk68
FEMA,UCVrYey5SZMid_VZk9D8tYmA,EAca6PL8r70
FEMA,UCVrYey5SZMid_VZk9D8tYmA,tPwdXz3983A
FEMA,UCVrYey5SZMid_VZk9D8tYmA,Sn6dEBDxC7E
FEMA,UCVrYey5SZMid_VZk9D8tYmA,FBsyMcfDeQ0
FEMA,UCVrYey5SZMid_VZk9D8tYmA,0AP1wvZpQ9Y
FEMA,UCVrYey5SZMid_VZk9D8tYmA,h8U7iRhZXnM
FEMA,UCVrYey5SZMid_VZk9D8tYmA,1abqD2KNcmU
FEMA,UCVrYey5SZMid_VZk9D8tYmA,H1jwfaF_wrI
FEMA,UCVrYey5SZMid_VZk9D8tYmA,93Nty5Ibaa0
FEMA,UCVrYey5SZMid_VZk9D8tYmA,SZJ9ySmPsLU
FEMA,UCVrYey5SZMid_VZk9D8tYmA,anjTIfeYkTc
FEMA,UCVrYey5SZMid_VZk9D8tYmA,VsDCATnQf2U
FEMA,UCVrYey5SZMid_VZk9D8tYmA,3keb2xixEf8
FEMA,UCVrYey5SZMid_VZk9D8tYmA,MKQ93YP7HwE
FEMA,UCVrYey5SZMid_VZk9D8tYmA,NapJJ27elTI
FEMA,UCVrYey5SZMid_VZk9D8tYmA,BH8aaT0Gsy0
FEMA,UCVrYey5SZMid_VZk9D8tYmA,Z1YLPcap9V0
FEMA,UCVrYey5SZMid_VZk9D8tYmA,83z0P-I9BE0
FEMA,UCVrYey5SZMid_VZk9D8tYmA,F9YIzN9Swb8
FEMA,UCVrYey5SZMid_VZk9D8tYmA,UVGIeI2_lfY
FEMA,UCVrYey5SZMid_VZk9D8tYmA,q23q481UiQE
FEMA,UCVrYey5SZMid_VZk9D8tYmA,Y5sQipRt4dI
FEMA,UCVrYey5SZMid_VZk9D8tYmA,5-LeIAK8DlQ
FEMA,UCVrYey5SZMid_VZk9D8tYmA,nLV1V31YhkI
FEMA,UCVrYey5SZMid_VZk9D8tYmA,XjUggU9SG6U
FEMA,UCVrYey5SZMid_VZk9D8tYmA,iDPmQAF1H9M
FEMA,UCVrYey5SZMid_VZk9D8tYmA,LyEkvv0u22k
FEMA,UCVrYey5SZMid_VZk9D8tYmA,kphvKtui6tQ
FEMA,UCVrYey5SZMid_VZk9D8tYmA,suKKeEOT3SA
FEMA,UCVrYey5SZMid_VZk9D8tYmA,2K-EOMrdEcQ
FEMA,UCVrYey5SZMid_VZk9D8tYmA,8fcze0jrbyE
FEMA,UCVrYey5SZMid_VZk9D8tYmA,KqWDEM15xZc
FEMA,UCVrYey5SZMid_VZk9D8tYmA,trX4Kms7aUE
FEMA,UCVrYey5SZMid_VZk9D8tYmA,NjX_fckVmik
FEMA,UCVrYey5SZMid_VZk9D8tYmA,MBgPzcZ7urE
FEMA,UCVrYey5SZMid_VZk9D8tYmA,CBbKsQIdaQU
FEMA,UCVrYey5SZMid_VZk9D8tYmA,QrL4hmb2ke4
FEMA,UCVrYey5SZMid_VZk9D8tYmA,5ZqjE6vmmhY
FEMA,UCVrYey5SZMid_VZk9D8tYmA,Fk7X2dPR10c
FEMA,UCVrYey5SZMid_VZk9D8tYmA,knsXAt_cxzo
FEMA,UCVrYey5SZMid_VZk9D8tYmA,KbbNvDeFAn0
FEMA,UCVrYey5SZMid_VZk9D8tYmA,IxziNPMSX9Q
FEMA,UCVrYey5SZMid_VZk9D8tYmA,10_FToW_R3E
FEMA,UCVrYey5SZMid_VZk9D8tYmA,EYdss-yV0jI
FEMA,UCVrYey5SZMid_VZk9D8tYmA,bthcCjY9mSs
FEMA,UCVrYey5SZMid_VZk9D8tYmA,6ux4dqp2ddQ
FEMA,UCVrYey5SZMid_VZk9D8tYmA,WaZSi7S_mvY
FEMA,UCVrYey5SZMid_VZk9D8tYmA,9B90JwbejmM
FEMA,UCVrYey5SZMid_VZk9D8tYmA,Mc_MWSwA2hc
FEMA,UCVrYey5SZMid_VZk9D8tYmA,7-UUouCIxKQ
FEMA,UCVrYey5SZMid_VZk9D8tYmA,KFzfigLDw7o
FEMA,UCVrYey5SZMid_VZk9D8tYmA,uMqJJShHjPQ
FEMA,UCVrYey5SZMid_VZk9D8tYmA,glp_A3lCFqc
FEMA,UCVrYey5SZMid_VZk9D8tYmA,kqLhAJbCX0M
FEMA,UCVrYey5SZMid_VZk9D8tYmA,mtqAAnCHORY
FEMA,UCVrYey5SZMid_VZk9D8tYmA,L8gGY9SYYsc
FEMA,UCVrYey5SZMid_VZk9D8tYmA,SUwn4i9Qie0
FEMA,UCVrYey5SZMid_VZk9D8tYmA,JHFy2GzCBT8
FEMA,UCVrYey5SZMid_VZk9D8tYmA,zgX79Asofns
FEMA,UCVrYey5SZMid_VZk9D8tYmA,PhihM-EID-o
FEMA,UCVrYey5SZMid_VZk9D8tYmA,TsDtrsLLgD4
FEMA,UCVrYey5SZMid_VZk9D8tYmA,ctTD-F97rlU
FEMA,UCVrYey5SZMid_VZk9D8tYmA,81LoSk5vQ80
FEMA,UCVrYey5SZMid_VZk9D8tYmA,O-nSAtgvqto
FEMA,UCVrYey5SZMid_VZk9D8tYmA,C3EavU8T_Vg
FEMA,UCVrYey5SZMid_VZk9D8tYmA,W-HqxL1T900
FEMA,UCVrYey5SZMid_VZk9D8tYmA,3EdI0Zd4Ifw
FEMA,UCVrYey5SZMid_VZk9D8tYmA,8OLzL7ue_xM
FEMA,UCVrYey5SZMid_VZk9D8tYmA,xL_diuOIFxI
FEMA,UCVrYey5SZMid_VZk9D8tYmA,IougVeeZX5I
FEMA,UCVrYey5SZMid_VZk9D8tYmA,6AsN0qSIjQA
FEMA,UCVrYey5SZMid_VZk9D8tYmA,forZkkmRLLk
FEMA,UCVrYey5SZMid_VZk9D8tYmA,iVEu2U02AoY
FEMA,UCVrYey5SZMid_VZk9D8tYmA,yU2inO1TT28
FEMA,UCVrYey5SZMid_VZk9D8tYmA,1fWY3I0Srlc
FEMA,UCVrYey5SZMid_VZk9D8tYmA,wWj-IRJdSPg
FEMA,UCVrYey5SZMid_VZk9D8tYmA,As4UY1WaOPk
FEMA,UCVrYey5SZMid_VZk9D8tYmA,OU8IJeH66yg
FEMA,UCVrYey5SZMid_VZk9D8tYmA,RhOuS8SomP8
FEMA,UCVrYey5SZMid_VZk9D8tYmA,4c2QrDrq5Ro
FEMA,UCVrYey5SZMid_VZk9D8tYmA,4gym1FdFeNA
FEMA,UCVrYey5SZMid_VZk9D8tYmA,eLY2CIvupT4
FEMA,UCVrYey5SZMid_VZk9D8tYmA,ksHgMMnNchU
FEMA,UCVrYey5SZMid_VZk9D8tYmA,lrypmVGOw2U
FEMA,UCVrYey5SZMid_VZk9D8tYmA,zbcaw-tw3BI
FEMA,UCVrYey5SZMid_VZk9D8tYmA,-0G2dxOhhtk
FEMA,UCVrYey5SZMid_VZk9D8tYmA,ccPAwmG0Jl8
FEMA,UCVrYey5SZMid_VZk9D8tYmA,H_VGtoO4RbM
FEMA,UCVrYey5SZMid_VZk9D8tYmA,1l-wiDNpQjA
FEMA,UCVrYey5SZMid_VZk9D8tYmA,iqNua1CnfHg
FEMA,UCVrYey5SZMid_VZk9D8tYmA,6oxXxcAFl_c
FEMA,UCVrYey5SZMid_VZk9D8tYmA,nkmSc6-O9Z0
FEMA,UCVrYey5SZMid_VZk9D8tYmA,a8cP-vpVxOE
FEMA,UCVrYey5SZMid_VZk9D8tYmA,fgKLnsKPYF8
FEMA,UCVrYey5SZMid_VZk9D8tYmA,X38gYpwegYg
FEMA,UCVrYey5SZMid_VZk9D8tYmA,v4fFs7X1AdM
FEMA,UCVrYey5SZMid_VZk9D8tYmA,h8do_BAwHvU
FEMA,UCVrYey5SZMid_VZk9D8tYmA,O_hTl3oHkqo
FEMA,UCVrYey5SZMid_VZk9D8tYmA,SypM3u04wVw
FEMA,UCVrYey5SZMid_VZk9D8tYmA,thwleAAYfSU
FEMA,UCVrYey5SZMid_VZk9D8tYmA,mlwxa28B4uo
FEMA,UCVrYey5SZMid_VZk9D8tYmA,CIW5-fg2WtA
FEMA,UCVrYey5SZMid_VZk9D8tYmA,TchhtGw963s
FEMA,UCVrYey5SZMid_VZk9D8tYmA,jJmbFeO7YAU
FEMA,UCVrYey5SZMid_VZk9D8tYmA,hFelI_XQa1A
FEMA,UCVrYey5SZMid_VZk9D8tYmA,ZO4_ckD34ag
FEMA,UCVrYey5SZMid_VZk9D8tYmA,00ToHYtc9Q4
FEMA,UCVrYey5SZMid_VZk9D8tYmA,e-XaGffTZOg
FEMA,UCVrYey5SZMid_VZk9D8tYmA,QS9q3Xkr_sY
FEMA,UCVrYey5SZMid_VZk9D8tYmA,qAsNB2oBGpI
FEMA,UCVrYey5SZMid_VZk9D8tYmA,T9QIGWH88EU
FEMA,UCVrYey5SZMid_VZk9D8tYmA,oAs50Sq5_k4
FEMA,UCVrYey5SZMid_VZk9D8tYmA,TdyU8Pv_bVI
FEMA,UCVrYey5SZMid_VZk9D8tYmA,d_xWqLUYTeA
FEMA,UCVrYey5SZMid_VZk9D8tYmA,40yw7xsoOEM
FEMA,UCVrYey5SZMid_VZk9D8tYmA,V5GUg0gnO3c
FEMA,UCVrYey5SZMid_VZk9D8tYmA,ONWO_kx3NMw
FEMA,UCVrYey5SZMid_VZk9D8tYmA,uYlbBzgb9Ok
FEMA,UCVrYey5SZMid_VZk9D8tYmA,wFJ_YHuRQTw
FEMA,UCVrYey5SZMid_VZk9D8tYmA,VcA3SpKiL7c
FEMA,UCVrYey5SZMid_VZk9D8tYmA,XFSZgNL9mDs
FEMA,UCVrYey5SZMid_VZk9D8tYmA,xIfWWVn8ym0
FEMA,UCVrYey5SZMid_VZk9D8tYmA,xEbUnDc8hEQ
FEMA,UCVrYey5SZMid_VZk9D8tYmA,QmyBog4bKyQ
FEMA,UCVrYey5SZMid_VZk9D8tYmA,kyk13gHFW74
FEMA,UCVrYey5SZMid_VZk9D8tYmA,_d02jyTmBWg
FEMA,UCVrYey5SZMid_VZk9D8tYmA,cmi4yZ_jgNQ
FEMA,UCVrYey5SZMid_VZk9D8tYmA,_KEbMOACtMo
FEMA,UCVrYey5SZMid_VZk9D8tYmA,D5suGrLRff0
FEMA,UCVrYey5SZMid_VZk9D8tYmA,DNo6tijptYc
FEMA,UCVrYey5SZMid_VZk9D8tYmA,EOgt-6o0beA
FEMA,UCVrYey5SZMid_VZk9D8tYmA,QJrOxBddBHg
FEMA,UCVrYey5SZMid_VZk9D8tYmA,T9fu11Tp-yg
FEMA,UCVrYey5SZMid_VZk9D8tYmA,ea_sZITr3pA
FEMA,UCVrYey5SZMid_VZk9D8tYmA,D_rATXzQwRM
FEMA,UCVrYey5SZMid_VZk9D8tYmA,f1CTPfiivpk
FEMA,UCVrYey5SZMid_VZk9D8tYmA,WmMkt8v3jnY
FEMA,UCVrYey5SZMid_VZk9D8tYmA,VmNv62fi4qQ
FEMA,UCVrYey5SZMid_VZk9D8tYmA,cB-XNmoOmI4
FEMA,UCVrYey5SZMid_VZk9D8tYmA,5tnjOYvxBrY
FEMA,UCVrYey5SZMid_VZk9D8tYmA,10SZeDUGE8c
FEMA,UCVrYey5SZMid_VZk9D8tYmA,UetXkD8k1Lo
FEMA,UCVrYey5SZMid_VZk9D8tYmA,RCw-OBxSv3U
FEMA,UCVrYey5SZMid_VZk9D8tYmA,7yk7G-Wm2u8
FEMA,UCVrYey5SZMid_VZk9D8tYmA,O2SsrXFnxFQ
FEMA,UCVrYey5SZMid_VZk9D8tYmA,Twf-ZCMLmZ8
FEMA,UCVrYey5SZMid_VZk9D8tYmA,aW-dzMTO9Iw
FEMA,UCVrYey5SZMid_VZk9D8tYmA,j7tzdmQbsRs
FEMA,UCVrYey5SZMid_VZk9D8tYmA,mPcVGp9FsYw
FEMA,UCVrYey5SZMid_VZk9D8tYmA,og0Ljtp30ss
FEMA,UCVrYey5SZMid_VZk9D8tYmA,qmJbJLhvcgA
FEMA,UCVrYey5SZMid_VZk9D8tYmA,rWWVEAzNZLY
FEMA,UCVrYey5SZMid_VZk9D8tYmA,XDjCBZlHfGw
FEMA,UCVrYey5SZMid_VZk9D8tYmA,ywQZ_W9Ulzc
FEMA,UCVrYey5SZMid_VZk9D8tYmA,ZMVEopfZcNk
FEMA,UCVrYey5SZMid_VZk9D8tYmA,Lq9pwa5TRpE
FEMA,UCVrYey5SZMid_VZk9D8tYmA,CyEK1dqxB5s
FEMA,UCVrYey5SZMid_VZk9D8tYmA,UrqOd3JeF3E
FEMA,UCVrYey5SZMid_VZk9D8tYmA,9agb606Xq_8
FEMA,UCVrYey5SZMid_VZk9D8tYmA,RmmQN0qyujA
FEMA,UCVrYey5SZMid_VZk9D8tYmA,KRkAYNdmASg
FEMA,UCVrYey5SZMid_VZk9D8tYmA,oChHassHeZQ
FEMA,UCVrYey5SZMid_VZk9D8tYmA,_6LqNO1u3mk
FEMA,UCVrYey5SZMid_VZk9D8tYmA,TUPij-8VX6g
FEMA,UCVrYey5SZMid_VZk9D8tYmA,Ylt4YrHdZDU
FEMA,UCVrYey5SZMid_VZk9D8tYmA,_A_I61_U2jQ
FEMA,UCVrYey5SZMid_VZk9D8tYmA,-iieQ4bx9j0
FEMA,UCVrYey5SZMid_VZk9D8tYmA,g15qcRuxxSY
FEMA,UCVrYey5SZMid_VZk9D8tYmA,CnutXUz-s9Y
FEMA,UCVrYey5SZMid_VZk9D8tYmA,DjhlK7UsWCk
FEMA,UCVrYey5SZMid_VZk9D8tYmA,U8N-tYVUhZk
FEMA,UCVrYey5SZMid_VZk9D8tYmA,zIFDuX-VWsY
NIH,UCcTKzTCQAhW4mpGPyO70mWg,llxZVeKi1mw
NIH,UCcTKzTCQAhW4mpGPyO70mWg,tDcorxAvScI
NIH,UCcTKzTCQAhW4mpGPyO70mWg,Xdpodk_Dmeo
NIH,UCcTKzTCQAhW4mpGPyO70mWg,_Mmgip6wsk4
NIH,UCcTKzTCQAhW4mpGPyO70mWg,DwnT-tEJ6lE
NIH,UCcTKzTCQAhW4mpGPyO70mWg,Iwan6OYgVVg
NOAA,UCe9IxQeBttZIYl5c43ycf9g,yZ9jtYlDYBE
NOAA,UCe9IxQeBttZIYl5c43ycf9g,4xBZ4tdbm5U
NOAA,UCe9IxQeBttZIYl5c43ycf9g,pgllbXeJNgI
NOAA,UCe9IxQeBttZIYl5c43ycf9g,lpndO7g_L-g
NOAA,UCe9IxQeBttZIYl5c43ycf9g,RJP1qyk9ZSg
NOAA,UCe9IxQeBttZIYl5c43ycf9g,qskDvFZJiWk
NOAA,UCe9IxQeBttZIYl5c43ycf9g,cBvv6_DlGp4
NOAA,UCe9IxQeBttZIYl5c43ycf9g,oUKM_UXYNRA
NOAA,UCe9IxQeBttZIYl5c43ycf9g,VIM3yXoDRX8
NOAA,UCe9IxQeBttZIYl5c43ycf9g,Wz4qr0nBuOE
NOAA,UCe9IxQeBttZIYl5c43ycf9g,_wU2h1rfkyw
NOAA,UCe9IxQeBttZIYl5c43ycf9g,6KDlSakTlnQ
NOAA,UCe9IxQeBttZIYl5c43ycf9g,WEgil_xczyQ
NOAA,UCe9IxQeBttZIYl5c43ycf9g,xNncrLE5gGw
NOAA,UCe9IxQeBttZIYl5c43ycf9g,eO1Tw6HCA9E
NOAA,UCe9IxQeBttZIYl5c43ycf9g,x6hd4hPhOrs
NOAA,UCe9IxQeBttZIYl5c43ycf9g,VlApwvbL1XI
NOAA,UCe9IxQeBttZIYl5c43ycf9g,UApC3YW_SIA
NOAA,UCe9IxQeBttZIYl5c43ycf9g,T2o7Qt8EtDQ
NOAA,UCe9IxQeBttZIYl5c43ycf9g,LUnVq8huDz0
NOAA,UCe9IxQeBttZIYl5c43ycf9g,J9P3rxM1jV4
NOAA,UCe9IxQeBttZIYl5c43ycf9g,DxU7i-FaluM
NOAA,UCe9IxQeBttZIYl5c43ycf9g,q2luj1w5mao
NOAA,UCe9IxQeBttZIYl5c43ycf9g,6sUA_nHVYO4
NOAA,UCe9IxQeBttZIYl5c43ycf9g,tGbLt1x2lA8
NOAA,UCe9IxQeBttZIYl5c43ycf9g,zALpO_EkLrs
NOAA,UCe9IxQeBttZIYl5c43ycf9g,qjzb0ZRKtGE
NOAA,UCe9IxQeBttZIYl5c43ycf9g,6UhgPpQb6Zc
NOAA,UCe9IxQeBttZIYl5c43ycf9g,LcJEFJYGDKg
NOAA,UCe9IxQeBttZIYl5c43ycf9g,i-xMvmb0v7I
NOAA,UCe9IxQeBttZIYl5c43ycf9g,dlvtgD4ChVQ
NOAA,UCe9IxQeBttZIYl5c43ycf9g,LZhhkQ24oiQ
NOAA,UCe9IxQeBttZIYl5c43ycf9g,YT8QQJJPu6E
NOAA,UCe9IxQeBttZIYl5c43ycf9g,t04SptVlGkQ
NOAA,UCe9IxQeBttZIYl5c43ycf9g,jWA3_lz2uFw
NOAA,UCe9IxQeBttZIYl5c43ycf9g,4xtCURnTarQ
NOAA,UCe9IxQeBttZIYl5c43ycf9g,4jB_ST8xs3E
NOAA,UCe9IxQeBttZIYl5c43ycf9g,xqAibhJzsh8
NOAA,UCe9IxQeBttZIYl5c43ycf9g,JB1kYcJLr6o
NOAA,UCe9IxQeBttZIYl5c43ycf9g,WvFJTBFl52s
NOAA,UCe9IxQeBttZIYl5c43ycf9g,pjxBF6cZR94
NOAA,UCe9IxQeBttZIYl5c43ycf9g,9shmJOL0AFU
NOAA,UCe9IxQeBttZIYl5c43ycf9g,TOvNCK4MgjE
NOAA,UCe9IxQeBttZIYl5c43ycf9g,BuefSPzNisU
NOAA,UCe9IxQeBttZIYl5c43ycf9g,dGeEEhkbLMs
NOAA,UCe9IxQeBttZIYl5c43ycf9g,OfhxK87DiI4
NOAA,UCe9IxQeBttZIYl5c43ycf9g,IFNIO10GZqE
NOAA,UCe9IxQeBttZIYl5c43ycf9g,3g1KD26jM74
NOAA,UCe9IxQeBttZIYl5c43ycf9g,jyB42jVVKX8
NOAA,UCe9IxQeBttZIYl5c43ycf9g,2gGFVHd-rgk
NOAA,UCe9IxQeBttZIYl5c43ycf9g,0PPmdAKaxjM
NOAA,UCe9IxQeBttZIYl5c43ycf9g,SAyqOxqBjhQ
NOAA,UCe9IxQeBttZIYl5c43ycf9g,5hVukYLG5m4
NOAA,UCe9IxQeBttZIYl5c43ycf9g,AK2OMflZUIg
NOAA,UCe9IxQeBttZIYl5c43ycf9g,EBBnYBiY1rc
NOAA,UCe9IxQeBttZIYl5c43ycf9g,e7CQ5KuY400
NOAA,UCe9IxQeBttZIYl5c43ycf9g,-qEp3_5pUgw
NOAA,UCe9IxQeBttZIYl5c43ycf9g,1p2-N9DHd-A
NOAA,UCe9IxQeBttZIYl5c43ycf9g,wW6p5HN9hvs
NOAA,UCe9IxQeBttZIYl5c43ycf9g,WN8hVJU9oWo
NOAA,UCe9IxQeBttZIYl5c43ycf9g,d_MU2uQ526I
NOAA,UCe9IxQeBttZIYl5c43ycf9g,MUtu-jX9gX8
NOAA,UCe9IxQeBttZIYl5c43ycf9g,LU7BVDKnbFc
NOAA,UCe9IxQeBttZIYl5c43ycf9g,WdloPGQgiuY
NOAA,UCe9IxQeBttZIYl5c43ycf9g,e8iZ14tU-pI
NOAA,UCe9IxQeBttZIYl5c43ycf9g,DGW6Lm4qNek
NOAA,UCe9IxQeBttZIYl5c43ycf9g,ORDj4UL80ak
NOAA,UCe9IxQeBttZIYl5c43ycf9g,Fq3RXX-6wJA
NOAA,UCe9IxQeBttZIYl5c43ycf9g,-JK3hSFA_60
NOAA,UCe9IxQeBttZIYl5c43ycf9g,jbpOVLvIbOc
NOAA,UCe9IxQeBttZIYl5c43ycf9g,naBb-0OEiwU
NOAA,UCe9IxQeBttZIYl5c43ycf9g,3qxiym1xY64
NOAA,UCe9IxQeBttZIYl5c43ycf9g,w53EFNVBzA8
NOAA,UCe9IxQeBttZIYl5c43ycf9g,JDY5Li9-HvM
NOAA,UCe9IxQeBttZIYl5c43ycf9g,3ZVlHky2Zh4
NOAA,UCe9IxQeBttZIYl5c43ycf9g,IkTYEDSo82U
NOAA,UCe9IxQeBttZIYl5c43ycf9g,n2VNm7vMuvg
NOAA,UCe9IxQeBttZIYl5c43ycf9g,pZySaSi3STc
NOAA,UCe9IxQeBttZIYl5c43ycf9g,wJo-DAcXtzo
NOAA,UCe9IxQeBttZIYl5c43ycf9g,cmKFfYk23_c
NOAA,UCe9IxQeBttZIYl5c43ycf9g,vPM-TTJdL8o
NOAA,UCe9IxQeBttZIYl5c43ycf9g,DRkAkeTK_AM
NOAA,UCe9IxQeBttZIYl5c43ycf9g,vRu2xp-ldJc
NOAA,UCe9IxQeBttZIYl5c43ycf9g,XGTRtkYqnho
NOAA,UCe9IxQeBttZIYl5c43ycf9g,ColNlsqErZM
NOAA,UCe9IxQeBttZIYl5c43ycf9g,QsSYTyWLIKA
NOAA,UCe9IxQeBttZIYl5c43ycf9g,GumtAV_KsxA
NOAA,UCe9IxQeBttZIYl5c43ycf9g,BT6qC78u3nA
NOAA,UCe9IxQeBttZIYl5c43ycf9g,ygrkwh8EMJw
NOAA,UCe9IxQeBttZIYl5c43ycf9g,MR9TCBDIja4
NOAA,UCe9IxQeBttZIYl5c43ycf9g,WWwVbMKXeUU
NOAA,UCe9IxQeBttZIYl5c43ycf9g,SxCB3buijhE
NOAA,UCe9IxQeBttZIYl5c43ycf9g,9-_obMEF_2o
NOAA,UCe9IxQeBttZIYl5c43ycf9g,cduYq_C9pdQ
NOAA,UCe9IxQeBttZIYl5c43ycf9g,pvY0KIdmQdM
NOAA,UCe9IxQeBttZIYl5c43ycf9g,JulJhamN7d8
NOAA,UCe9IxQeBttZIYl5c43ycf9g,iJ88efj8Jno
NOAA,UCe9IxQeBttZIYl5c43ycf9g,SrevHcblu2Q
NOAA,UCe9IxQeBttZIYl5c43ycf9g,OBdAtAP1rI0
NOAA,UCe9IxQeBttZIYl5c43ycf9g,MCf8fA3kIYg
NOAA,UCe9IxQeBttZIYl5c43ycf9g,inpk9h_diXY
NOAA,UCe9IxQeBttZIYl5c43ycf9g,D6Seh7vzxDI
NOAA,UCe9IxQeBttZIYl5c43ycf9g,bTkprW4Rujk
NOAA,UCe9IxQeBttZIYl5c43ycf9g,5NZ5VLokiEM
NOAA,UCe9IxQeBttZIYl5c43ycf9g,LqJzLQ3K-1Q
NOAA,UCe9IxQeBttZIYl5c43ycf9g,KoB8S1E-j3E
NOAA,UCe9IxQeBttZIYl5c43ycf9g,1rhWcXhuTGo
NOAA,UCe9IxQeBttZIYl5c43ycf9g,dSF8u7hvWtU
NOAA,UCe9IxQeBttZIYl5c43ycf9g,sANsKN9tqQc
NOAA,UCe9IxQeBttZIYl5c43ycf9g,ImkEUz_Yrvg
NOAA,UCe9IxQeBttZIYl5c43ycf9g,rPhGCZKqOWA
NOAA,UCe9IxQeBttZIYl5c43ycf9g,_sHNyEv6i98
NOAA,UCe9IxQeBttZIYl5c43ycf9g,h3L-NHOcHbU
NOAA,UCe9IxQeBttZIYl5c43ycf9g,a8GErO-6-EA
NOAA,UCe9IxQeBttZIYl5c43ycf9g,Ea5SaeVFzgY
NOAA,UCe9IxQeBttZIYl5c43ycf9g,a1GxOZ736YM
NOAA,UCe9IxQeBttZIYl5c43ycf9g,tlkQgd3H7Dc
NOAA,UCe9IxQeBttZIYl5c43ycf9g,RGsqnY9IFFU
NOAA,UCe9IxQeBttZIYl5c43ycf9g,stPaV-U5pFA
NOAA,UCe9IxQeBttZIYl5c43ycf9g,wAUwJGDC0Tc
NOAA,UCe9IxQeBttZIYl5c43ycf9g,P5ZSjP8_YY0
NOAA,UCe9IxQeBttZIYl5c43ycf9g,9wndCr0w-8Q
NOAA,UCe9IxQeBttZIYl5c43ycf9g,pantl8WYynE
NOAA,UCe9IxQeBttZIYl5c43ycf9g,yleynP7J4T0
NOAA,UCe9IxQeBttZIYl5c43ycf9g,X5CqBrgEI6I
NOAA,UCe9IxQeBttZIYl5c43ycf9g,SayYmOHoypw
NOAA,UCe9IxQeBttZIYl5c43ycf9g,0NSm2hs19sM
NOAA,UCe9IxQeBttZIYl5c43ycf9g,oUVTbwbpl2o
NOAA,UCe9IxQeBttZIYl5c43ycf9g,PpxeyK994ZE
NOAA,UCe9IxQeBttZIYl5c43ycf9g,xuttOKcTPQs
NOAA,UCe9IxQeBttZIYl5c43ycf9g,uPn9LCHhcKQ
NOAA,UCe9IxQeBttZIYl5c43ycf9g,wBL4dnEV8AE
NOAA,UCe9IxQeBttZIYl5c43ycf9g,Ft1bd3xITQ4
NOAA,UCe9IxQeBttZIYl5c43ycf9g,Ry7nr7AiStQ
NOAA,UCe9IxQeBttZIYl5c43ycf9g,VVvYwBGWSIY
NOAA,UCe9IxQeBttZIYl5c43ycf9g,G9fVEz5d4HU
NOAA,UCe9IxQeBttZIYl5c43ycf9g,eERsy1IO4LM
NOAA,UCe9IxQeBttZIYl5c43ycf9g,hfuWbW2r1dY
NOAA,UCe9IxQeBttZIYl5c43ycf9g,hxMqj-JcEPg
NOAA,UCe9IxQeBttZIYl5c43ycf9g,XkKCN56lYTQ
NOAA,UCe9IxQeBttZIYl5c43ycf9g,cSDveSizTtg
USGS,UCeXH8GZyV3sVqAr45AvupOA,e4_fv20MduQ
USGS,UCeXH8GZyV3sVqAr45AvupOA,gXKuUyKt8mc
USGS,UCeXH8GZyV3sVqAr45AvupOA,H4uSfIYSrNw
USGS,UCeXH8GZyV3sVqAr45AvupOA,uk18gjhf2jI
USGS,UCeXH8GZyV3sVqAr45AvupOA,5xV4BhAVXzg
USGS,UCeXH8GZyV3sVqAr45AvupOA,Efx6tBOe1yI
USGS,UCeXH8GZyV3sVqAr45AvupOA,YRAtzKq2u4s
USGS,UCeXH8GZyV3sVqAr45AvupOA,KYmPKOt3qa4
USGS,UCeXH8GZyV3sVqAr45AvupOA,_uLuRKbDtvQ
USGS,UCeXH8GZyV3sVqAr45AvupOA,F_reO4zpVPI
USGS,UCeXH8GZyV3sVqAr45AvupOA,tk0tfYDxrUA
USGS,UCeXH8GZyV3sVqAr45AvupOA,zdRH5Mk62Do
USGS,UCeXH8GZyV3sVqAr45AvupOA,w0OVKamScdY
USGS,UCeXH8GZyV3sVqAr45AvupOA,0Jokp9eMCko
USGS,UCeXH8GZyV3sVqAr45AvupOA,VpfN45GI8Ew
USGS,UCeXH8GZyV3sVqAr45AvupOA,65FbQxVdp48
USGS,UCeXH8GZyV3sVqAr45AvupOA,Br-vqQx5RnU
USGS,UCeXH8GZyV3sVqAr45AvupOA,epu_gvXrQXI
USGS,UCeXH8GZyV3sVqAr45AvupOA,HSHm3jJUSfw
USGS,UCeXH8GZyV3sVqAr45AvupOA,4Pa4mwl29R8
USGS,UCeXH8GZyV3sVqAr45AvupOA,ffs2_RkYftE
USGS,UCeXH8GZyV3sVqAr45AvupOA,MxIp9BRc510
USGS,UCeXH8GZyV3sVqAr45AvupOA,qKfTZU1y9eY
USGS,UCeXH8GZyV3sVqAr45AvupOA,dA154Zjs36E
USGS,UCeXH8GZyV3sVqAr45AvupOA,srH-_lqWcNE
USGS,UCeXH8GZyV3sVqAr45AvupOA,g3BbcOpHapE
USGS,UCeXH8GZyV3sVqAr45AvupOA,c0bN0XJ25Js
USGS,UCeXH8GZyV3sVqAr45AvupOA,SprG3_W52aM
USGS,UCeXH8GZyV3sVqAr45AvupOA,pT8AaTGAE9g
USGS,UCeXH8GZyV3sVqAr45AvupOA,NmF6BCHAbDM
USGS,UCeXH8GZyV3sVqAr45AvupOA,Exn1RN3YTNw
USGS,UCeXH8GZyV3sVqAr45AvupOA,IgBrYQomUq4
USGS,UCeXH8GZyV3sVqAr45AvupOA,r_oCRHYIoVE
USGS,UCeXH8GZyV3sVqAr45AvupOA,dt3iu4a3I6Y
USGS,UCeXH8GZyV3sVqAr45AvupOA,fiyttmA7YkA
USGS,UCeXH8GZyV3sVqAr45AvupOA,l52qVPXwt1w
USGS,UCeXH8GZyV3sVqAr45AvupOA,haEtNhX7zu0
USGS,UCeXH8GZyV3sVqAr45AvupOA,aliHzSZmrxE
USGS,UCeXH8GZyV3sVqAr45AvupOA,HDF0p5WG8xg
USGS,UCeXH8GZyV3sVqAr45AvupOA,_DHIQzz6sLs
USGS,UCeXH8GZyV3sVqAr45AvupOA,AYK_63eBUSc
USGS,UCeXH8GZyV3sVqAr45AvupOA,rgI9_hAyPZ8
USGS,UCeXH8GZyV3sVqAr45AvupOA,2CWzUntJdOo
USGS,UCeXH8GZyV3sVqAr45AvupOA,loS8WfU6gh8
USGS,UCeXH8GZyV3sVqAr45AvupOA,qfFwKaKKgK0
USGS,UCeXH8GZyV3sVqAr45AvupOA,B0mQFITFKic
USGS,UCeXH8GZyV3sVqAr45AvupOA,l5Gltfhp9NI
USGS,UCeXH8GZyV3sVqAr45AvupOA,p3uJHrvPeKo
USGS,UCeXH8GZyV3sVqAr45AvupOA,BJeNtoBREuU
USGS,UCeXH8GZyV3sVqAr45AvupOA,BpIkdGy7YLI
USGS,UCeXH8GZyV3sVqAr45AvupOA,WBAWFInF21M
USGS,UCeXH8GZyV3sVqAr45AvupOA,GsxTQ3MJ9mQ
USGS,UCeXH8GZyV3sVqAr45AvupOA,L9PhVLtuyNk
USGS,UCeXH8GZyV3sVqAr45AvupOA,2o-MGCegxYo
USGS,UCeXH8GZyV3sVqAr45AvupOA,yobEIZYcmoI
USGS,UCeXH8GZyV3sVqAr45AvupOA,RWoSGOfxOQA
USGS,UCeXH8GZyV3sVqAr45AvupOA,vCRvfUYMtlY
USGS,UCeXH8GZyV3sVqAr45AvupOA,taAUjQBJNMM
USGS,UCeXH8GZyV3sVqAr45AvupOA,D0oEQPxIIfY
USGS,UCeXH8GZyV3sVqAr45AvupOA,pPTKmjexFtg
USGS,UCeXH8GZyV3sVqAr45AvupOA,2pj9TAcoJo4
USGS,UCeXH8GZyV3sVqAr45AvupOA,aaAe_LG1MVI
USGS,UCeXH8GZyV3sVqAr45AvupOA,FX6Zr130PV8
USGS,UCeXH8GZyV3sVqAr45AvupOA,4XayCEIG0YE
USGS,UCeXH8GZyV3sVqAr45AvupOA,pucqFVDgQAo
USGS,UCeXH8GZyV3sVqAr45AvupOA,YJd7TyMA7O0
USGS,UCeXH8GZyV3sVqAr45AvupOA,7VQF6uceiGY
USGS,UCeXH8GZyV3sVqAr45AvupOA,69sMFYx_WNA
USGS,UCeXH8GZyV3sVqAr45AvupOA,aqDMAn80Vmg
USGS,UCeXH8GZyV3sVqAr45AvupOA,lMT2ray8TYY
USGS,UCeXH8GZyV3sVqAr45AvupOA,f7j1PBB_v-E
USGS,UCeXH8GZyV3sVqAr45AvupOA,BmSLYwwhMeU
USGS,UCeXH8GZyV3sVqAr45AvupOA,Pp4GFCXF7gs
USGS,UCeXH8GZyV3sVqAr45AvupOA,VjhJF9EtZEk
USGS,UCeXH8GZyV3sVqAr45AvupOA,7PEU44CO4WM
USGS,UCeXH8GZyV3sVqAr45AvupOA,UDuR8ckd6No
USGS,UCeXH8GZyV3sVqAr45AvupOA,sKr4ZcM03r0
USGS,UCeXH8GZyV3sVqAr45AvupOA,Of3265kzQ90
USGS,UCeXH8GZyV3sVqAr45AvupOA,AgEdJOMYul4
USGS,UCeXH8GZyV3sVqAr45AvupOA,HvobFECTChM
USGS,UCeXH8GZyV3sVqAr45AvupOA,7BQqaDSmIC8
USGS,UCeXH8GZyV3sVqAr45AvupOA,D64shbccE0s
USGS,UCeXH8GZyV3sVqAr45AvupOA,JoM-SpZEZ8g
USGS,UCeXH8GZyV3sVqAr45AvupOA,qnCt9G9rtAI
USGS,UCeXH8GZyV3sVqAr45AvupOA,Q2qwXpvMoMw
USGS,UCeXH8GZyV3sVqAr45AvupOA,AkG_E8HF7BE
USGS,UCeXH8GZyV3sVqAr45AvupOA,8gzssj601LE
USGS,UCeXH8GZyV3sVqAr45AvupOA,3uGiwlzxgHA
USGS,UCeXH8GZyV3sVqAr45AvupOA,dVyaoz5YCBs
USGS,UCeXH8GZyV3sVqAr45AvupOA,XyihzAjc844
USGS,UCeXH8GZyV3sVqAr45AvupOA,q9XwJBmheto
USGS,UCeXH8GZyV3sVqAr45AvupOA,sprqcm5K7GA
USGS,UCeXH8GZyV3sVqAr45AvupOA,1bv2GGjcfCY
USGS,UCeXH8GZyV3sVqAr45AvupOA,R50GXv5Idgw
USGS,UCeXH8GZyV3sVqAr45AvupOA,f8SF99HrbWU
USGS,UCeXH8GZyV3sVqAr45AvupOA,_s3lzU2mVMg
USGS,UCeXH8GZyV3sVqAr45AvupOA,MCEaF4jvKqM
USGS,UCeXH8GZyV3sVqAr45AvupOA,OCK76tfHixM
USGS,UCeXH8GZyV3sVqAr45AvupOA,fR47e-3tVR8
USGS,UCeXH8GZyV3sVqAr45AvupOA,jsT5KJylPQ0
USGS,UCeXH8GZyV3sVqAr45AvupOA,IPdkBj7CHNg
USGS,UCeXH8GZyV3sVqAr45AvupOA,FGw9ZpIuD1Q
USGS,UCeXH8GZyV3sVqAr45AvupOA,tR72TeYb8cA
USGS,UCeXH8GZyV3sVqAr45AvupOA,f0cAyE8NFDo
USGS,UCeXH8GZyV3sVqAr45AvupOA,WFTDKU3be8Y
USGS,UCeXH8GZyV3sVqAr45AvupOA,g3laeJoW3eo
USGS,UCeXH8GZyV3sVqAr45AvupOA,wxLJugu47BY
USGS,UCeXH8GZyV3sVqAr45AvupOA,ntEnlPx8X6I
USGS,UCeXH8GZyV3sVqAr45AvupOA,RuLBgNpUx30
USGS,UCeXH8GZyV3sVqAr45AvupOA,7jmfyXJ7O1A
USGS,UCeXH8GZyV3sVqAr45AvupOA,Gyztpci5sLQ
USGS,UCeXH8GZyV3sVqAr45AvupOA,rW8Pmz_xBRM
USGS,UCeXH8GZyV3sVqAr45AvupOA,7J7YLesm-vo
USGS,UCeXH8GZyV3sVqAr45AvupOA,FdfMwvEvk_k
USGS,UCeXH8GZyV3sVqAr45AvupOA,kDFqq5VnoSw
USGS,UCeXH8GZyV3sVqAr45AvupOA,rL1_jjyxwV8
USGS,UCeXH8GZyV3sVqAr45AvupOA,-mSwvoWMvHI
USGS,UCeXH8GZyV3sVqAr45AvupOA,0baJUFYdIJ4
USGS,UCeXH8GZyV3sVqAr45AvupOA,3xxNVSD7ewk
USGS,UCeXH8GZyV3sVqAr45AvupOA,CnPxFNWyK58
USGS,UCeXH8GZyV3sVqAr45AvupOA,G2lfDjrGoJI
USGS,UCeXH8GZyV3sVqAr45AvupOA,r4nKLV_D0D0
USGS,UCeXH8GZyV3sVqAr45AvupOA,x2yg5koLhn8
USGS,UCeXH8GZyV3sVqAr45AvupOA,FWWFfLlBgLk
USGS,UCeXH8GZyV3sVqAr45AvupOA,FbHxDVdRK2Q
USGS,UCeXH8GZyV3sVqAr45AvupOA,ExLZV-NMvUM
USGS,UCeXH8GZyV3sVqAr45AvupOA,hDl6IpOtQKE
USGS,UCeXH8GZyV3sVqAr45AvupOA,khxPQ6bc7AY
USGS,UCeXH8GZyV3sVqAr45AvupOA,1YVs0J9yr00
USGS,UCeXH8GZyV3sVqAr45AvupOA,t2sfBvKB_Lc
USGS,UCeXH8GZyV3sVqAr45AvupOA,v-CfRBY7rhQ
USGS,UCeXH8GZyV3sVqAr45AvupOA,kdYoI34ZNVo
USGS,UCeXH8GZyV3sVqAr45AvupOA,bQSR1uG9cyM
USGS,UCeXH8GZyV3sVqAr45AvupOA,B_y8huyWWJU
USGS,UCeXH8GZyV3sVqAr45AvupOA,uC9h16YnWes
USGS,UCeXH8GZyV3sVqAr45AvupOA,5QiXv8gVmeU
USGS,UCeXH8GZyV3sVqAr45AvupOA,E3JcwoQWzeA
USGS,UCeXH8GZyV3sVqAr45AvupOA,NDEaRt2xtMM
USGS,UCeXH8GZyV3sVqAr45AvupOA,VcmrJLRrzRY
USGS,UCeXH8GZyV3sVqAr45AvupOA,3uv6-XneOQw
USGS,UCeXH8GZyV3sVqAr45AvupOA,EfjvDwR0uZc
USGS,UCeXH8GZyV3sVqAr45AvupOA,Up4rtB_u36c
USGS,UCeXH8GZyV3sVqAr45AvupOA,rpKB3Z0I6Jg
USGS,UCeXH8GZyV3sVqAr45AvupOA,8YwqId_b9Fc
USGS,UCeXH8GZyV3sVqAr45AvupOA,cQa1KfSG9uE
USGS,UCeXH8GZyV3sVqAr45AvupOA,1-YY1sWjbxY
USGS,UCeXH8GZyV3sVqAr45AvupOA,DY_0gdE-828
USGS,UCeXH8GZyV3sVqAr45AvupOA,la2sicAExAs
USGS,UCeXH8GZyV3sVqAr45AvupOA,4WDqWAwgjWw
USGS,UCeXH8GZyV3sVqAr45AvupOA,n_4scJNRnF4
USGS,UCeXH8GZyV3sVqAr45AvupOA,3rubaOS--ME
USGS,UCeXH8GZyV3sVqAr45AvupOA,Rcotk_HrYzE
USGS,UCeXH8GZyV3sVqAr45AvupOA,j7MbpCp6jmo
USGS,UCeXH8GZyV3sVqAr45AvupOA,Jh1-HSRSv0s
USGS,UCeXH8GZyV3sVqAr45AvupOA,ckcyWNz7PkI
USGS,UCeXH8GZyV3sVqAr45AvupOA,UfaSDPuj15o
USGS,UCeXH8GZyV3sVqAr45AvupOA,ekfmBRs6eWg
USGS,UCeXH8GZyV3sVqAr45AvupOA,Ji8EG4cWf3c
USGS,UCeXH8GZyV3sVqAr45AvupOA,PPIr64muO2E
USGS,UCeXH8GZyV3sVqAr45AvupOA,ba9_54keTuw
USGS,UCeXH8GZyV3sVqAr45AvupOA,GPexz29JPvk
USGS,UCeXH8GZyV3sVqAr45AvupOA,S7hL9Vtr6RM
USGS,UCeXH8GZyV3sVqAr45AvupOA,_9gz5L_fFaM
USGS,UCeXH8GZyV3sVqAr45AvupOA,Zu_KDLHlPkY
USGS,UCeXH8GZyV3sVqAr45AvupOA,88w_NG7ej7A
USGS,UCeXH8GZyV3sVqAr45AvupOA,Umlf7-iBlKQ
USGS,UCeXH8GZyV3sVqAr45AvupOA,55SE_hqe8VE
USGS,UCeXH8GZyV3sVqAr45AvupOA,lQLcZz2yfWA
USGS,UCeXH8GZyV3sVqAr45AvupOA,e0Ht0ZDIrb0
USGS,UCeXH8GZyV3sVqAr45AvupOA,VDCBAwbrpuI
USGS,UCeXH8GZyV3sVqAr45AvupOA,UUdXqBI-KMc
USGS,UCeXH8GZyV3sVqAr45AvupOA,uC-kwxyakbA
USGS,UCeXH8GZyV3sVqAr45AvupOA,NuNFoI7Ic-8
USGS,UCeXH8GZyV3sVqAr45AvupOA,f5DD_yCkODE
USGS,UCeXH8GZyV3sVqAr45AvupOA,pblfg8EMcks
USGS,UCeXH8GZyV3sVqAr45AvupOA,Nhr9vuDF3H0
USGS,UCeXH8GZyV3sVqAr45AvupOA,3fbPJ9_Kqyk
USGS,UCeXH8GZyV3sVqAr45AvupOA,vZbIGqGP6Y0
USGS,UCeXH8GZyV3sVqAr45AvupOA,OoPYIP0CSwk
USGS,UCeXH8GZyV3sVqAr45AvupOA,g_s_toqrYVM
USGS,UCeXH8GZyV3sVqAr45AvupOA,bVrgs951RF8
USGS,UCeXH8GZyV3sVqAr45AvupOA,2XtFxWy3Ye4
USGS,UCeXH8GZyV3sVqAr45AvupOA,QRNu-gDj380
USGS,UCeXH8GZyV3sVqAr45AvupOA,c06KATHN73k
USGS,UCeXH8GZyV3sVqAr45AvupOA,z-HFf9c_URs
USGS,UCeXH8GZyV3sVqAr45AvupOA,yUMreXIzptc
USGS,UCeXH8GZyV3sVqAr45AvupOA,pVToXz6ite8
USGS,UCeXH8GZyV3sVqAr45AvupOA,dMbHHFz5qYw
USGS,UCeXH8GZyV3sVqAr45AvupOA,obzkt65TkPc
USGS,UCeXH8GZyV3sVqAr45AvupOA,s6paYPIiZzg
USGS,UCeXH8GZyV3sVqAr45AvupOA,kPWupGQ6gFw
USGS,UCeXH8GZyV3sVqAr45AvupOA,KiEI4Hj-qNs
USGS,UCeXH8GZyV3sVqAr45AvupOA,P_jMF7XOgkQ
USGS,UCeXH8GZyV3sVqAr45AvupOA,QBYqmQdgQTg
USGS,UCeXH8GZyV3sVqAr45AvupOA,RJ6GRdrAK6w
USGS,UCeXH8GZyV3sVqAr45AvupOA,7tatpPvvoZ0
USGS,UCeXH8GZyV3sVqAr45AvupOA,5VpOCxHk8Nw
USGS,UCeXH8GZyV3sVqAr45AvupOA,w2OAB-xguOE
USGS,UCeXH8GZyV3sVqAr45AvupOA,WE5h_llOk34
USGS,UCeXH8GZyV3sVqAr45AvupOA,AukhFCiCzJY
EPA,UCitNQQrnnCl19ECgToik0RQ,hSAk0Z2gY04
EPA,UCitNQQrnnCl19ECgToik0RQ,0bQjsq-xpkk
EPA,UCitNQQrnnCl19ECgToik0RQ,9Npq6daPdAs
EPA,UCitNQQrnnCl19ECgToik0RQ,AHLHTk_Dmhg
EPA,UCitNQQrnnCl19ECgToik0RQ,R5OvE8OWQHY
EPA,UCitNQQrnnCl19ECgToik0RQ,s4H9dGM6ZDc
EPA,UCitNQQrnnCl19ECgToik0RQ,pFT5wsI_dYw
EPA,UCitNQQrnnCl19ECgToik0RQ,lV1K9xooTQE
EPA,UCitNQQrnnCl19ECgToik0RQ,KfxrlcMvhHc
EPA,UCitNQQrnnCl19ECgToik0RQ,hjI-7I-EaEY
EPA,UCitNQQrnnCl19ECgToik0RQ,3wIQ7zGWMp0
EPA,UCitNQQrnnCl19ECgToik0RQ,wdbZfydcp0w
EPA,UCitNQQrnnCl19ECgToik0RQ,MSB-WSQwwsg
EPA,UCitNQQrnnCl19ECgToik0RQ,v95jU6Em3-c
EPA,UCitNQQrnnCl19ECgToik0RQ,Xg84ua2iTIk
EPA,UCitNQQrnnCl19ECgToik0RQ,SpWw-Y4uAL8
EPA,UCitNQQrnnCl19ECgToik0RQ,4kFGBgEKm70
EPA,UCitNQQrnnCl19ECgToik0RQ,_niJQ0Ld8D8
EPA,UCitNQQrnnCl19ECgToik0RQ,fqDxFjjW00I
EPA,UCitNQQrnnCl19ECgToik0RQ,fC4_1ISxsOc
EPA,UCitNQQrnnCl19ECgToik0RQ,ZXriukIjGS8
EPA,UCitNQQrnnCl19ECgToik0RQ,MzUdRynlEYg
EPA,UCitNQQrnnCl19ECgToik0RQ,9iLDbPOSey0
EPA,UCitNQQrnnCl19ECgToik0RQ,PWNhWq3ms9E
EPA,UCitNQQrnnCl19ECgToik0RQ,opa9T2aRFxM
EPA,UCitNQQrnnCl19ECgToik0RQ,Edz6Td7b61s
EPA,UCitNQQrnnCl19ECgToik0RQ,Hp4o26wD6zg
EPA,UCitNQQrnnCl19ECgToik0RQ,75RnR8zed4c
EPA,UCitNQQrnnCl19ECgToik0RQ,9pe8Q8g7cd8
EPA,UCitNQQrnnCl19ECgToik0RQ,csQ0yTPv44o
EPA,UCitNQQrnnCl19ECgToik0RQ,TklIYs4e0r8
EPA,UCitNQQrnnCl19ECgToik0RQ,hVXnnv0qPf0
EPA,UCitNQQrnnCl19ECgToik0RQ,22rYyJEsopA
EPA,UCitNQQrnnCl19ECgToik0RQ,SaJKEtwBs8o
EPA,UCitNQQrnnCl19ECgToik0RQ,Y0WYxNjK3MU
EPA,UCitNQQrnnCl19ECgToik0RQ,0VzXQW3azrM
EPA,UCitNQQrnnCl19ECgToik0RQ,ALXgTd_wZOo
EPA,UCitNQQrnnCl19ECgToik0RQ,bFt4L5qq7Zc
EPA,UCitNQQrnnCl19ECgToik0RQ,_4gM8V6xubk
EPA,UCitNQQrnnCl19ECgToik0RQ,iCHXWFFhSX0
EPA,UCitNQQrnnCl19ECgToik0RQ,A28ZEdz5_V0
EPA,UCitNQQrnnCl19ECgToik0RQ,z8Y7U1H1lCE
EPA,UCitNQQrnnCl19ECgToik0RQ,87WBhwquVvk
EPA,UCitNQQrnnCl19ECgToik0RQ,Au7h7hq2IS4
EPA,UCitNQQrnnCl19ECgToik0RQ,JXhU89l_QjA
EPA,UCitNQQrnnCl19ECgToik0RQ,L81Bh0aafSc
EPA,UCitNQQrnnCl19ECgToik0RQ,IR5fPp656q4
EPA,UCitNQQrnnCl19ECgToik0RQ,5qkrq73Z3mU
EPA,UCitNQQrnnCl19ECgToik0RQ,79-Y_N8wV3M
DOT,UCLmK70CmEA52OC9zdswUz5A,Y-vakOJcrbk
DOT,UCLmK70CmEA52OC9zdswUz5A,bGFRPFnOLIM
USCIS,UChm7CIhH8gLOH3YTP6HM0Hg,-p7hoQV8SAE
USCIS,UChm7CIhH8gLOH3YTP6HM0Hg,DX7hHWf9cz8
USCIS,UChm7CIhH8gLOH3YTP6HM0Hg,5HZMXx2ffJ0
USCIS,UChm7CIhH8gLOH3YTP6HM0Hg,Fy6nDOnLVjU
USCIS,UChm7CIhH8gLOH3YTP6HM0Hg,UX5lzaecUF4
USCIS,UChm7CIhH8gLOH3YTP6HM0Hg,osiO5KyNF5g
USCIS,UChm7CIhH8gLOH3YTP6HM0Hg,2hHZkf0YbQs
USCIS,UChm7CIhH8gLOH3YTP6HM0Hg,tGn5zhsYgPs
USCIS,UChm7CIhH8gLOH3YTP6HM0Hg,yB35ZfJFs6k
USCIS,UChm7CIhH8gLOH3YTP6HM0Hg,-wPl0-irUJI
USCIS,UChm7CIhH8gLOH3YTP6HM0Hg,8CDaNq42SYU
USCIS,UChm7CIhH8gLOH3YTP6HM0Hg,BJ4B6bG9wwI
USCIS,UChm7CIhH8gLOH3YTP6HM0Hg,BSWjRsW8Fsk
USCIS,UChm7CIhH8gLOH3YTP6HM0Hg,WB-fE2vNfCQ
USCIS,UChm7CIhH8gLOH3YTP6HM0Hg,WdmErJXKObM
USCIS,UChm7CIhH8gLOH3YTP6HM0Hg,_BQ6fnTGkiw
USCIS,UChm7CIhH8gLOH3YTP6HM0Hg,pFLqcX7Kpnc
USCIS,UChm7CIhH8gLOH3YTP6HM0Hg,uy3S0gh33A8
USCIS,UChm7CIhH8gLOH3YTP6HM0Hg,D5dwM7bxBjM
USCIS,UChm7CIhH8gLOH3YTP6HM0Hg,REpcYmsgKDw
USCIS,UChm7CIhH8gLOH3YTP6HM0Hg,8x57Qb0Xjqg
USCIS,UChm7CIhH8gLOH3YTP6HM0Hg,-FgAqMSgvIY
USCIS,UChm7CIhH8gLOH3YTP6HM0Hg,tMed59HFE3Q
USCIS,UChm7CIhH8gLOH3YTP6HM0Hg,BdypZ2INnio
USCIS,UChm7CIhH8gLOH3YTP6HM0Hg,GHJWqlJ-kwM
USCIS,UChm7CIhH8gLOH3YTP6HM0Hg,p5POMW-ZVOw
USCIS,UChm7CIhH8gLOH3YTP6HM0Hg,_TxmQpks_PU
USCIS,UChm7CIhH8gLOH3YTP6HM0Hg,VMmRGZcxiRQ
USCIS,UChm7CIhH8gLOH3YTP6HM0Hg,hkKxegeKNDA
USCIS,UChm7CIhH8gLOH3YTP6HM0Hg,LbjsBxk5-ro
USCIS,UChm7CIhH8gLOH3YTP6HM0Hg,MCamOi2jSDQ
USCIS,UChm7CIhH8gLOH3YTP6HM0Hg,QgWQ7_HvNhI
USCIS,UChm7CIhH8gLOH3YTP6HM0Hg,UMqZwN_2Nbc
USCIS,UChm7CIhH8gLOH3YTP6HM0Hg,WF5vivJDI1k
USCIS,UChm7CIhH8gLOH3YTP6HM0Hg,hl48V2HbeMM
USCIS,UChm7CIhH8gLOH3YTP6HM0Hg,kxjiGcqJWJg
USCIS,UChm7CIhH8gLOH3YTP6HM0Hg,ljzMWEUSL4I
USCIS,UChm7CIhH8gLOH3YTP6HM0Hg,qBgYIjqsC8g
USCIS,UChm7CIhH8gLOH3YTP6HM0Hg,qEw988DvA14
USCIS,UChm7CIhH8gLOH3YTP6HM0Hg,cr82pEFQ2nk
USCIS,UChm7CIhH8gLOH3YTP6HM0Hg,Aha1keZy6iA
USCIS,UChm7CIhH8gLOH3YTP6HM0Hg,Udf54EA27Hk
USCIS,UChm7CIhH8gLOH3YTP6HM0Hg,LQdgNGjxrms
USCIS,UChm7CIhH8gLOH3YTP6HM0Hg,RIJhFdcbiis
USCIS,UChm7CIhH8gLOH3YTP6HM0Hg,xu9wyxnVNBg
USCIS,UChm7CIhH8gLOH3YTP6HM0Hg,hTfaG-lrNQo
USCIS,UChm7CIhH8gLOH3YTP6HM0Hg,gpInZKqwRBw
USCIS,UChm7CIhH8gLOH3YTP6HM0Hg,nKCQuuDN70k
USCIS,UChm7CIhH8gLOH3YTP6HM0Hg,H5_MEMrfyLc
USCIS,UChm7CIhH8gLOH3YTP6HM0Hg,lkRs9-YmdD0
USCIS,UChm7CIhH8gLOH3YTP6HM0Hg,_jcj4ak_xAk
USCIS,UChm7CIhH8gLOH3YTP6HM0Hg,oVJT8VXi2rk
USCIS,UChm7CIhH8gLOH3YTP6HM0Hg,2dcp6jjdWEs
USCIS,UChm7CIhH8gLOH3YTP6HM0Hg,FkImdsvgaMo
USCIS,UChm7CIhH8gLOH3YTP6HM0Hg,Fll1-FSzfJQ
USCIS,UChm7CIhH8gLOH3YTP6HM0Hg,wvKMGlOmC58
USCIS,UChm7CIhH8gLOH3YTP6HM0Hg,NzCILrywiEw
USCIS,UChm7CIhH8gLOH3YTP6HM0Hg,qmSX1zyavqc
USCIS,UChm7CIhH8gLOH3YTP6HM0Hg,Y84mAgMOSLY
USCIS,UChm7CIhH8gLOH3YTP6HM0Hg,hegmUwAdhWc
USCIS,UChm7CIhH8gLOH3YTP6HM0Hg,vT7O0GXfTRw
USCIS,UChm7CIhH8gLOH3YTP6HM0Hg,ndx9SL4LZlA
USCIS,UChm7CIhH8gLOH3YTP6HM0Hg,1m1nQPFwiX0
USCIS,UChm7CIhH8gLOH3YTP6HM0Hg,MlQo8dwr3kA
USCIS,UChm7CIhH8gLOH3YTP6HM0Hg,cV8IcSsd3Zw
USCIS,UChm7CIhH8gLOH3YTP6HM0Hg,mS8s8JFUhVw
USCIS,UChm7CIhH8gLOH3YTP6HM0Hg,MHjOVa6HGHI
USCIS,UChm7CIhH8gLOH3YTP6HM0Hg,1KXJ4XHpLVo
USCIS,UChm7CIhH8gLOH3YTP6HM0Hg,17NemsaRDCo
USCIS,UChm7CIhH8gLOH3YTP6HM0Hg,HRAKVnJQKaQ
USCIS,UChm7CIhH8gLOH3YTP6HM0Hg,qYKLehdyk9Y
USCIS,UChm7CIhH8gLOH3YTP6HM0Hg,OXgwQy0R3Mo
USCIS,UChm7CIhH8gLOH3YTP6HM0Hg,uDuZnK4-OU0
USCIS,UChm7CIhH8gLOH3YTP6HM0Hg,iu0-g8_0fjU
USCIS,UChm7CIhH8gLOH3YTP6HM0Hg,p_5sXAP-iSA
USCIS,UChm7CIhH8gLOH3YTP6HM0Hg,EyPncxkJmXw
USCIS,UChm7CIhH8gLOH3YTP6HM0Hg,nsxEDQz3OpE
USCIS,UChm7CIhH8gLOH3YTP6HM0Hg,RTyZSOiMkNs
USCIS,UChm7CIhH8gLOH3YTP6HM0Hg,wwka0dPCZ9o
USCIS,UChm7CIhH8gLOH3YTP6HM0Hg,INoFQTYlOAQ
USCIS,UChm7CIhH8gLOH3YTP6HM0Hg,wG0HTjg_2TE
USCIS,UChm7CIhH8gLOH3YTP6HM0Hg,22kv97SDrRg
USCIS,UChm7CIhH8gLOH3YTP6HM0Hg,ray7r7ntQc8
USCIS,UChm7CIhH8gLOH3YTP6HM0Hg,3jZFvLpA06M
USCIS,UChm7CIhH8gLOH3YTP6HM0Hg,gDOXgWtCQxY
USCIS,UChm7CIhH8gLOH3YTP6HM0Hg,N7ctwUGk2Bs
USCIS,UChm7CIhH8gLOH3YTP6HM0Hg,wksu9QMh_TI
USCIS,UChm7CIhH8gLOH3YTP6HM0Hg,J2itmTPvk00
USCIS,UChm7CIhH8gLOH3YTP6HM0Hg,LnkK5PIRmx4
USCIS,UChm7CIhH8gLOH3YTP6HM0Hg,IF_6VdYRUiU
USCIS,UChm7CIhH8gLOH3YTP6HM0Hg,HiSghkzjzTA
USCIS,UChm7CIhH8gLOH3YTP6HM0Hg,N9qNyb8vNDI
USCIS,UChm7CIhH8gLOH3YTP6HM0Hg,2MSmt1eBbf4
USCIS,UChm7CIhH8gLOH3YTP6HM0Hg,xtbiDkiVg-M
USCIS,UChm7CIhH8gLOH3YTP6HM0Hg,GeWYvkt8e3w
USCIS,UChm7CIhH8gLOH3YTP6HM0Hg,_8kJQfqtqHo
USCIS,UChm7CIhH8gLOH3YTP6HM0Hg,qs9OctEiy7Y
USCIS,UChm7CIhH8gLOH3YTP6HM0Hg,E_BjhIp7_gE
USCIS,UChm7CIhH8gLOH3YTP6HM0Hg,NyqZOegUGEs
USCIS,UChm7CIhH8gLOH3YTP6HM0Hg,FN7eQyJcV7M
USCIS,UChm7CIhH8gLOH3YTP6HM0Hg,yHlVFveEK64
USCIS,UChm7CIhH8gLOH3YTP6HM0Hg,mDl34qTl8jE
USCIS,UChm7CIhH8gLOH3YTP6HM0Hg,X8OXdJa46o0
USCIS,UChm7CIhH8gLOH3YTP6HM0Hg,2Ssthg0Wv5s
USCIS,UChm7CIhH8gLOH3YTP6HM0Hg,EEy-DHHtpro
USCIS,UChm7CIhH8gLOH3YTP6HM0Hg,RltxAe1tVeI
USCIS,UChm7CIhH8gLOH3YTP6HM0Hg,GToJVaiMY8k
USCIS,UChm7CIhH8gLOH3YTP6HM0Hg,WHNRYrwerSY
USCIS,UChm7CIhH8gLOH3YTP6HM0Hg,kHfNV8jMXTY
USCIS,UChm7CIhH8gLOH3YTP6HM0Hg,edk8n9arEL8
USCIS,UChm7CIhH8gLOH3YTP6HM0Hg,CLxWPycYheg
USCIS,UChm7CIhH8gLOH3YTP6HM0Hg,4B0ZP-zfNgU
USCIS,UChm7CIhH8gLOH3YTP6HM0Hg,NQoI799g5Uo
USCIS,UChm7CIhH8gLOH3YTP6HM0Hg,qHfLEqE85MM
FDA,UC_giJ3xlEL9jUF1YfJdzzuQ,yrYtTTjlv8A
FDA,UC_giJ3xlEL9jUF1YfJdzzuQ,NgXXX4zr3fs
FDA,UC_giJ3xlEL9jUF1YfJdzzuQ,vZV7Y3qedpQ
FDA,UC_giJ3xlEL9jUF1YfJdzzuQ,eVy31CksFWw
FDA,UC_giJ3xlEL9jUF1YfJdzzuQ,ibEp4Q04b7o
FDA,UC_giJ3xlEL9jUF1YfJdzzuQ,Zxcm-UnefQ4
FDA,UC_giJ3xlEL9jUF1YfJdzzuQ,TVoR_2_0m14
FDA,UC_giJ3xlEL9jUF1YfJdzzuQ,vW7_8Az5AzQ
FDA,UC_giJ3xlEL9jUF1YfJdzzuQ,BdAawJmQ9Fs
FDA,UC_giJ3xlEL9jUF1YfJdzzuQ,WVgvj2wIky8
FDA,UC_giJ3xlEL9jUF1YfJdzzuQ,btjL5Czsfyo
FDA,UC_giJ3xlEL9jUF1YfJdzzuQ,QFNSAlfJaic
FDA,UC_giJ3xlEL9jUF1YfJdzzuQ,I5xnJHjXI3Y
FDA,UC_giJ3xlEL9jUF1YfJdzzuQ,QnwM3Gm7eNw
FDA,UC_giJ3xlEL9jUF1YfJdzzuQ,g4RKZfPAXt8
FDA,UC_giJ3xlEL9jUF1YfJdzzuQ,KIkydZoFmZY
FDA,UC_giJ3xlEL9jUF1YfJdzzuQ,YTStfH5bUtY
FDA,UC_giJ3xlEL9jUF1YfJdzzuQ,MU57ZXIivAs
FDA,UC_giJ3xlEL9jUF1YfJdzzuQ,8BqGISqKRJQ
FDA,UC_giJ3xlEL9jUF1YfJdzzuQ,awQmjES0gKU
FDA,UC_giJ3xlEL9jUF1YfJdzzuQ,3zUZqb_wQ3Q
FDA,UC_giJ3xlEL9jUF1YfJdzzuQ,qzTXjmGoMkA
FDA,UC_giJ3xlEL9jUF1YfJdzzuQ,WWum4JYH_Qo
FDA,UC_giJ3xlEL9jUF1YfJdzzuQ,qovm_wgIfVI
FDA,UC_giJ3xlEL9jUF1YfJdzzuQ,I4itamR-uz8
FDA,UC_giJ3xlEL9jUF1YfJdzzuQ,mSCXKaofSrs
FDA,UC_giJ3xlEL9jUF1YfJdzzuQ,jWYBsMITcjo
FDA,UC_giJ3xlEL9jUF1YfJdzzuQ,OOO4LzEnojc
FDA,UC_giJ3xlEL9jUF1YfJdzzuQ,2Rd-p4KD6w4
FDA,UC_giJ3xlEL9jUF1YfJdzzuQ,sLYVtB8lm08
FDA,UC_giJ3xlEL9jUF1YfJdzzuQ,2d2qPp_CWuY
FDA,UC_giJ3xlEL9jUF1YfJdzzuQ,VKV6-D-xdIY
FDA,UC_giJ3xlEL9jUF1YfJdzzuQ,pB9HW9BEBoo
FDA,UC_giJ3xlEL9jUF1YfJdzzuQ,j-ZvVaPhFbA
FDA,UC_giJ3xlEL9jUF1YfJdzzuQ,g519JMk9O14
FDA,UC_giJ3xlEL9jUF1YfJdzzuQ,PuBAQ8_2LXg
FDA,UC_giJ3xlEL9jUF1YfJdzzuQ,wJGnqHO8xm8
FDA,UC_giJ3xlEL9jUF1YfJdzzuQ,6lDWQuOR-9s
FDA,UC_giJ3xlEL9jUF1YfJdzzuQ,1BFVckhbYMY
FDA,UC_giJ3xlEL9jUF1YfJdzzuQ,qtKs4Vw6thc
FDA,UC_giJ3xlEL9jUF1YfJdzzuQ,F880AnHw02c
FDA,UC_giJ3xlEL9jUF1YfJdzzuQ,w46I2rWduJk
FDA,UC_giJ3xlEL9jUF1YfJdzzuQ,WeO7lB_AzR8
FDA,UC_giJ3xlEL9jUF1YfJdzzuQ,uDiE4UrUP4I
FDA,UC_giJ3xlEL9jUF1YfJdzzuQ,4caDUD8QApA
FDA,UC_giJ3xlEL9jUF1YfJdzzuQ,O3HoyRQk5Lw
FDA,UC_giJ3xlEL9jUF1YfJdzzuQ,strWKbAm5gc
FDA,UC_giJ3xlEL9jUF1YfJdzzuQ,qHCvUq4q5-A
FDA,UC_giJ3xlEL9jUF1YfJdzzuQ,i3rZVlnru2c
FDA,UC_giJ3xlEL9jUF1YfJdzzuQ,AU8Qke9t62Y
FDA,UC_giJ3xlEL9jUF1YfJdzzuQ,MzXnZboA698
FDA,UC_giJ3xlEL9jUF1YfJdzzuQ,eKdX8cWblWs
FDA,UC_giJ3xlEL9jUF1YfJdzzuQ,2quhHmMitgs
FDA,UC_giJ3xlEL9jUF1YfJdzzuQ,7Dmxf3WowS4
FDA,UC_giJ3xlEL9jUF1YfJdzzuQ,n0K4xB2BCHA
FDA,UC_giJ3xlEL9jUF1YfJdzzuQ,9QsbqsCWBew
FDA,UC_giJ3xlEL9jUF1YfJdzzuQ,T-wQZZ93Hek
FDA,UC_giJ3xlEL9jUF1YfJdzzuQ,mzbBcUATGMk
FDA,UC_giJ3xlEL9jUF1YfJdzzuQ,zOMLKRb8XLA
FDA,UC_giJ3xlEL9jUF1YfJdzzuQ,tJ4Z1fx5Ba4
FDA,UC_giJ3xlEL9jUF1YfJdzzuQ,aVokQuH6E3w
FDA,UC_giJ3xlEL9jUF1YfJdzzuQ,UpPFM1bGOog
FDA,UC_giJ3xlEL9jUF1YfJdzzuQ,MNXGH9aki4I
FDA,UC_giJ3xlEL9jUF1YfJdzzuQ,xIi7x5Yjssk
FDA,UC_giJ3xlEL9jUF1YfJdzzuQ,wns7dVIW4V4
FDA,UC_giJ3xlEL9jUF1YfJdzzuQ,NIVzcBuhetE
FDA,UC_giJ3xlEL9jUF1YfJdzzuQ,uelpeh7ZfKc
FDA,UC_giJ3xlEL9jUF1YfJdzzuQ,aD_8okMlBTw
FDA,UC_giJ3xlEL9jUF1YfJdzzuQ,Pc0rE_qHSPA
FDA,UC_giJ3xlEL9jUF1YfJdzzuQ,kXCY3FIFJQI
FDA,UC_giJ3xlEL9jUF1YfJdzzuQ,_ZXDgKBMDU8
FDA,UC_giJ3xlEL9jUF1YfJdzzuQ,7sVCkzQZXck
FDA,UC_giJ3xlEL9jUF1YfJdzzuQ,GGRbKKi7eW0
FDA,UC_giJ3xlEL9jUF1YfJdzzuQ,yuQuvxONKxo
FDA,UC_giJ3xlEL9jUF1YfJdzzuQ,_fvQbDSQQX8
FDA,UC_giJ3xlEL9jUF1YfJdzzuQ,NkcsbAGlIHI
FDA,UC_giJ3xlEL9jUF1YfJdzzuQ,gpfVkwZOhc8
FDA,UC_giJ3xlEL9jUF1YfJdzzuQ,3Ur6pnOzspw
FDA,UC_giJ3xlEL9jUF1YfJdzzuQ,Of2aEyDQrNo
FDA,UC_giJ3xlEL9jUF1YfJdzzuQ,kBiTibzbY5I
FDA,UC_giJ3xlEL9jUF1YfJdzzuQ,JYKgpRKBie4
FDA,UC_giJ3xlEL9jUF1YfJdzzuQ,QBE5ZAnqbJw
FDA,UC_giJ3xlEL9jUF1YfJdzzuQ,iIb8byVySEo
FDA,UC_giJ3xlEL9jUF1YfJdzzuQ,bS5HLtbtCno
FDA,UC_giJ3xlEL9jUF1YfJdzzuQ,itwBqw0rgIk
FDA,UC_giJ3xlEL9jUF1YfJdzzuQ,Y0yzjagHizQ
FDA,UC_giJ3xlEL9jUF1YfJdzzuQ,3e9jUdgCaWM
FDA,UC_giJ3xlEL9jUF1YfJdzzuQ,2VGt9SUL9ok
FDA,UC_giJ3xlEL9jUF1YfJdzzuQ,EEYIWZ0N_-c
FDA,UC_giJ3xlEL9jUF1YfJdzzuQ,-E2lv_NaETU
FDA,UC_giJ3xlEL9jUF1YfJdzzuQ,2BAxS_S5s3w
FDA,UC_giJ3xlEL9jUF1YfJdzzuQ,2uCIQhY63z0
FDA,UC_giJ3xlEL9jUF1YfJdzzuQ,6r6V0I4kAXQ
FDA,UC_giJ3xlEL9jUF1YfJdzzuQ,UibUTQXQ9ag
FDA,UC_giJ3xlEL9jUF1YfJdzzuQ,VK7uBfoH7KM
FDA,UC_giJ3xlEL9jUF1YfJdzzuQ,qFPKs88ftFg
FDA,UC_giJ3xlEL9jUF1YfJdzzuQ,efMh7S1ikVU
FDA,UC_giJ3xlEL9jUF1YfJdzzuQ,fIpcmMPygBw
FDA,UC_giJ3xlEL9jUF1YfJdzzuQ,FIvS27HW-fY
FDA,UC_giJ3xlEL9jUF1YfJdzzuQ,ace5XSy1MBY
FDA,UC_giJ3xlEL9jUF1YfJdzzuQ,8sD9B4qKgE0
FDA,UC_giJ3xlEL9jUF1YfJdzzuQ,u0or1FvtSqc
FDA,UC_giJ3xlEL9jUF1YfJdzzuQ,yNafnXPaOHY
FDA,UC_giJ3xlEL9jUF1YfJdzzuQ,pe1JoXMoaCY
FDA,UC_giJ3xlEL9jUF1YfJdzzuQ,GKlsRPQ2WX4
FDA,UC_giJ3xlEL9jUF1YfJdzzuQ,QWIX857Shsk
FDA,UC_giJ3xlEL9jUF1YfJdzzuQ,eKN55KYmkN0
FDA,UC_giJ3xlEL9jUF1YfJdzzuQ,laPLZYww6ZM
FDA,UC_giJ3xlEL9jUF1YfJdzzuQ,KaO3V-B1Wjg
FDA,UC_giJ3xlEL9jUF1YfJdzzuQ,WTVfQPyZgwg
FDA,UC_giJ3xlEL9jUF1YfJdzzuQ,Xs7UJ_f2NeU
FDA,UC_giJ3xlEL9jUF1YfJdzzuQ,MMcdLPATvCI
FDA,UC_giJ3xlEL9jUF1YfJdzzuQ,KRM0VRkv9o0
FDA,UC_giJ3xlEL9jUF1YfJdzzuQ,8D3_NOdPKrw
FDA,UC_giJ3xlEL9jUF1YfJdzzuQ,5AKmZoywGAU
FDA,UC_giJ3xlEL9jUF1YfJdzzuQ,9-qfX2Si3U8
FDA,UC_giJ3xlEL9jUF1YfJdzzuQ,wUM8geu5w40
FDA,UC_giJ3xlEL9jUF1YfJdzzuQ,wvBXQC7yi5Y
FDA,UC_giJ3xlEL9jUF1YfJdzzuQ,5SpRfNWBZhM
FDA,UC_giJ3xlEL9jUF1YfJdzzuQ,0fLHm0YmH3w
FDA,UC_giJ3xlEL9jUF1YfJdzzuQ,kueGYjRCn8c
FDA,UC_giJ3xlEL9jUF1YfJdzzuQ,xG71dW76uok
FDA,UC_giJ3xlEL9jUF1YfJdzzuQ,15gpAdMR_Hs
FDA,UC_giJ3xlEL9jUF1YfJdzzuQ,Lj40lKiLhOQ
FDA,UC_giJ3xlEL9jUF1YfJdzzuQ,NH7D-dTLFK8
FDA,UC_giJ3xlEL9jUF1YfJdzzuQ,fhFVreq6vRg
FDA,UC_giJ3xlEL9jUF1YfJdzzuQ,89CyuwMz8cU
FDA,UC_giJ3xlEL9jUF1YfJdzzuQ,6oCB6DT5e4M
FDA,UC_giJ3xlEL9jUF1YfJdzzuQ,ZErP4McUWE8
FDA,UC_giJ3xlEL9jUF1YfJdzzuQ,qzdugbNz6tU
FDA,UC_giJ3xlEL9jUF1YfJdzzuQ,esCz54aKYo4
FDA,UC_giJ3xlEL9jUF1YfJdzzuQ,qsfs-EYF0EE
FDA,UC_giJ3xlEL9jUF1YfJdzzuQ,R3blYUVKS-w
FDA,UC_giJ3xlEL9jUF1YfJdzzuQ,eA6f7V2SzGU
FDA,UC_giJ3xlEL9jUF1YfJdzzuQ,hiuI-JvPf2g
FDA,UC_giJ3xlEL9jUF1YfJdzzuQ,6eZCRfwrvJw
FDA,UC_giJ3xlEL9jUF1YfJdzzuQ,MYETMj416Xw
FDA,UC_giJ3xlEL9jUF1YfJdzzuQ,WS6Et9zc7xY
FDA,UC_giJ3xlEL9jUF1YfJdzzuQ,IzwR-3pC7Gk
FDA,UC_giJ3xlEL9jUF1YfJdzzuQ,s49fDOR0K_A
FDA,UC_giJ3xlEL9jUF1YfJdzzuQ,KHkFLJz23og
FDA,UC_giJ3xlEL9jUF1YfJdzzuQ,CtW1evdAxJI
FDA,UC_giJ3xlEL9jUF1YfJdzzuQ,Zn7kYLXQSo0
FDA,UC_giJ3xlEL9jUF1YfJdzzuQ,shK4CcND7eM
FDA,UC_giJ3xlEL9jUF1YfJdzzuQ,5UyM1E3BImg
FDA,UC_giJ3xlEL9jUF1YfJdzzuQ,4dZhk2aI-T0
FDA,UC_giJ3xlEL9jUF1YfJdzzuQ,MxjlJb_1ClU
FDA,UC_giJ3xlEL9jUF1YfJdzzuQ,wjsJtWVn-vQ
FDA,UC_giJ3xlEL9jUF1YfJdzzuQ,s39p1eyo490
FDA,UC_giJ3xlEL9jUF1YfJdzzuQ,Qwg8BaurG20
FDA,UC_giJ3xlEL9jUF1YfJdzzuQ,BEeH2Pkuq1w
FDA,UC_giJ3xlEL9jUF1YfJdzzuQ,goPMTW7rD-s
FDA,UC_giJ3xlEL9jUF1YfJdzzuQ,sqSO3KIyrAc
FDA,UC_giJ3xlEL9jUF1YfJdzzuQ,0NA_gfQS8OM
FDA,UC_giJ3xlEL9jUF1YfJdzzuQ,ZoFPdDa1W5c
FDA,UC_giJ3xlEL9jUF1YfJdzzuQ,hsOVr0DwKhI
FDA,UC_giJ3xlEL9jUF1YfJdzzuQ,JLAKLIMb2yY
FDA,UC_giJ3xlEL9jUF1YfJdzzuQ,MmJFBQKipO8
FDA,UC_giJ3xlEL9jUF1YfJdzzuQ,IvLL6QCAuok
FDA,UC_giJ3xlEL9jUF1YfJdzzuQ,JYfCkq9trsw
FDA,UC_giJ3xlEL9jUF1YfJdzzuQ,Dy2QtGqaCLA
FDA,UC_giJ3xlEL9jUF1YfJdzzuQ,6BXaHaK6nIo
FDA,UC_giJ3xlEL9jUF1YfJdzzuQ,c4bdxXV3I-4
FDA,UC_giJ3xlEL9jUF1YfJdzzuQ,Tuyp2jS1lnw
FDA,UC_giJ3xlEL9jUF1YfJdzzuQ,Y89Egu_6CxQ
FDA,UC_giJ3xlEL9jUF1YfJdzzuQ,Ua9dT1Bi6kI
FDA,UC_giJ3xlEL9jUF1YfJdzzuQ,6XWhXdErP6o
FDA,UC_giJ3xlEL9jUF1YfJdzzuQ,7GQJzgS1MXI
FDA,UC_giJ3xlEL9jUF1YfJdzzuQ,nrQYncXpzh4
FDA,UC_giJ3xlEL9jUF1YfJdzzuQ,mBB7KVzOPBs
FDA,UC_giJ3xlEL9jUF1YfJdzzuQ,vI8XR8nL7z4
FDA,UC_giJ3xlEL9jUF1YfJdzzuQ,41SMeuYYh-o
FDA,UC_giJ3xlEL9jUF1YfJdzzuQ,kvNWxH8Ym5I
FDA,UC_giJ3xlEL9jUF1YfJdzzuQ,WIgnatqqEWs
FDA,UC_giJ3xlEL9jUF1YfJdzzuQ,HZblpT7TFVA
FDA,UC_giJ3xlEL9jUF1YfJdzzuQ,ojEgPARhLqE
FDA,UC_giJ3xlEL9jUF1YfJdzzuQ,MgCA7HV2tis
FDA,UC_giJ3xlEL9jUF1YfJdzzuQ,NYukGv6S8Y4
FDA,UC_giJ3xlEL9jUF1YfJdzzuQ,73qW4Ww3YY4
FDA,UC_giJ3xlEL9jUF1YfJdzzuQ,Pg8irFp-d28
FDA,UC_giJ3xlEL9jUF1YfJdzzuQ,O3K8srJn5vM
FDA,UC_giJ3xlEL9jUF1YfJdzzuQ,lfQeS8ctU5s
FDA,UC_giJ3xlEL9jUF1YfJdzzuQ,1URscVjuNHc
FDA,UC_giJ3xlEL9jUF1YfJdzzuQ,Ze4xVg1FbtQ
FDA,UC_giJ3xlEL9jUF1YfJdzzuQ,Y0UfV2j4-_E
FDA,UC_giJ3xlEL9jUF1YfJdzzuQ,WCr3W1k_T1M
FDA,UC_giJ3xlEL9jUF1YfJdzzuQ,RK6mQb7CX-g
FDA,UC_giJ3xlEL9jUF1YfJdzzuQ,OVzNykelpxc
FDA,UC_giJ3xlEL9jUF1YfJdzzuQ,L0j1-zbURz4
FDA,UC_giJ3xlEL9jUF1YfJdzzuQ,qSLZUysWMG4
FDA,UC_giJ3xlEL9jUF1YfJdzzuQ,3rdRoIiqcD8
FDA,UC_giJ3xlEL9jUF1YfJdzzuQ,q5SmEcvL-q0
FDA,UC_giJ3xlEL9jUF1YfJdzzuQ,lIos-h946gU
FDA,UC_giJ3xlEL9jUF1YfJdzzuQ,AhQvp8juulA
FDA,UC_giJ3xlEL9jUF1YfJdzzuQ,Ep-UH1UToBA
FDA,UC_giJ3xlEL9jUF1YfJdzzuQ,TLd0gblqoYk
FDA,UC_giJ3xlEL9jUF1YfJdzzuQ,E9lnppFRViM
FDA,UC_giJ3xlEL9jUF1YfJdzzuQ,qZrH-7DjyVs
FDA,UC_giJ3xlEL9jUF1YfJdzzuQ,xGZB4eOJq5Y
FDA,UC_giJ3xlEL9jUF1YfJdzzuQ,sB68ia4sCgU
IRS,UCcWZOFh3l-1LC7UvhdCXxQg,XXM2RGXxDZI
IRS,UCcWZOFh3l-1LC7UvhdCXxQg,kIC1VcAOK2M
IRS,UCcWZOFh3l-1LC7UvhdCXxQg,nbktMX6Ei2M
IRS,UCcWZOFh3l-1LC7UvhdCXxQg,XtdmMaOsoGw
IRS,UCcWZOFh3l-1LC7UvhdCXxQg,6M5nRVdiDhM
IRS,UCcWZOFh3l-1LC7UvhdCXxQg,WvK2im6TdNQ
IRS,UCcWZOFh3l-1LC7UvhdCXxQg,j_E_VL2dLX0
IRS,UCcWZOFh3l-1LC7UvhdCXxQg,uWoMfvZkQcE
IRS,UCcWZOFh3l-1LC7UvhdCXxQg,nhUJR-iIPQY
IRS,UCcWZOFh3l-1LC7UvhdCXxQg,4WqqLuDCgPc
IRS,UCcWZOFh3l-1LC7UvhdCXxQg,GIMA5fthz2A
IRS,UCcWZOFh3l-1LC7UvhdCXxQg,Bc_XpBVodpY
IRS,UCcWZOFh3l-1LC7UvhdCXxQg,lSqp5PV9ZSM
IRS,UCcWZOFh3l-1LC7UvhdCXxQg,a085lZ7pUVQ
IRS,UCcWZOFh3l-1LC7UvhdCXxQg,T4Irx8UIOfo
IRS,UCcWZOFh3l-1LC7UvhdCXxQg,bGjHg08HQYw
IRS,UCcWZOFh3l-1LC7UvhdCXxQg,DjXbC-aTVLM
IRS,UCcWZOFh3l-1LC7UvhdCXxQg,zBbNtG0nvE8
IRS,UCcWZOFh3l-1LC7UvhdCXxQg,WEdjtXBNa3k
IRS,UCcWZOFh3l-1LC7UvhdCXxQg,US3bH6Vx28I
IRS,UCcWZOFh3l-1LC7UvhdCXxQg,zOxf4inBsrQ
IRS,UCcWZOFh3l-1LC7UvhdCXxQg,PEPY0WQsksc
IRS,UCcWZOFh3l-1LC7UvhdCXxQg,wk4sqzZJoUU
IRS,UCcWZOFh3l-1LC7UvhdCXxQg,lP7wptPGjBQ
IRS,UCcWZOFh3l-1LC7UvhdCXxQg,S3uo_tpaknU
IRS,UCcWZOFh3l-1LC7UvhdCXxQg,RXUcJwY177w
IRS,UCcWZOFh3l-1LC7UvhdCXxQg,AqBF53BOwLM
IRS,UCcWZOFh3l-1LC7UvhdCXxQg,1J3l4xUhfu4
IRS,UCcWZOFh3l-1LC7UvhdCXxQg,irSRii9Y9ec
IRS,UCcWZOFh3l-1LC7UvhdCXxQg,WCZIJc-AwuQ
IRS,UCcWZOFh3l-1LC7UvhdCXxQg,lkMryWW2hKA
IRS,UCcWZOFh3l-1LC7UvhdCXxQg,trzd8OD9VOM
IRS,UCcWZOFh3l-1LC7UvhdCXxQg,3To06QoHwCc
IRS,UCcWZOFh3l-1LC7UvhdCXxQg,yWYXSVkjMQY
IRS,UCcWZOFh3l-1LC7UvhdCXxQg,lY0t9HI1Ves
IRS,UCcWZOFh3l-1LC7UvhdCXxQg,5MaSnazhM3Y
IRS,UCcWZOFh3l-1LC7UvhdCXxQg,-dTBkEoB4IU
IRS,UCcWZOFh3l-1LC7UvhdCXxQg,aDdaIX4IkRc
IRS,UCcWZOFh3l-1LC7UvhdCXxQg,mSME0kGM-2A
IRS,UCcWZOFh3l-1LC7UvhdCXxQg,29LTzLRElWs
IRS,UCcWZOFh3l-1LC7UvhdCXxQg,vPy5cF8JMGE
IRS,UCcWZOFh3l-1LC7UvhdCXxQg,-6D4BNpBtVM
IRS,UCcWZOFh3l-1LC7UvhdCXxQg,lyc5RSTg8Qg
IRS,UCcWZOFh3l-1LC7UvhdCXxQg,EQfhxZOFNwM
IRS,UCcWZOFh3l-1LC7UvhdCXxQg,jiqVoXmDSZw
IRS,UCcWZOFh3l-1LC7UvhdCXxQg,FjsxxgIhHHw
IRS,UCcWZOFh3l-1LC7UvhdCXxQg,O4sQMo5I7Qg
IRS,UCcWZOFh3l-1LC7UvhdCXxQg,YgQnr-BiqPo
IRS,UCcWZOFh3l-1LC7UvhdCXxQg,AI5xGMMtSKs
IRS,UCcWZOFh3l-1LC7UvhdCXxQg,kkkTULBgrkE
IRS,UCcWZOFh3l-1LC7UvhdCXxQg,2oegApR8uf8
IRS,UCcWZOFh3l-1LC7UvhdCXxQg,2z8GLKnTmQ0
IRS,UCcWZOFh3l-1LC7UvhdCXxQg,MocXYEHyUUg
IRS,UCcWZOFh3l-1LC7UvhdCXxQg,Fd9dSbAZh2A
IRS,UCcWZOFh3l-1LC7UvhdCXxQg,KozXfSsDDkQ
IRS,UCcWZOFh3l-1LC7UvhdCXxQg,ZzkXwfJ2a-E
IRS,UCcWZOFh3l-1LC7UvhdCXxQg,PN2dO8Y2Ou0
IRS,UCcWZOFh3l-1LC7UvhdCXxQg,0WstVbPbDQs
IRS,UCcWZOFh3l-1LC7UvhdCXxQg,mdnnTpNqvoU
IRS,UCcWZOFh3l-1LC7UvhdCXxQg,lsc6Dj4PUys
IRS,UCcWZOFh3l-1LC7UvhdCXxQg,Xo8r_s_7pXw
IRS,UCcWZOFh3l-1LC7UvhdCXxQg,-_2pv_FirQw
IRS,UCcWZOFh3l-1LC7UvhdCXxQg,1cP2QFvueUY
IRS,UCcWZOFh3l-1LC7UvhdCXxQg,KkWDYYVEnXE
IRS,UCcWZOFh3l-1LC7UvhdCXxQg,zi4wlw0fDfs
IRS,UCcWZOFh3l-1LC7UvhdCXxQg,_jE5lvaOKzE
IRS,UCcWZOFh3l-1LC7UvhdCXxQg,mLQszhNOdFs
IRS,UCcWZOFh3l-1LC7UvhdCXxQg,eNWpxlDD-K4
IRS,UCcWZOFh3l-1LC7UvhdCXxQg,73oK8ux-iGM
IRS,UCcWZOFh3l-1LC7UvhdCXxQg,mzaQaz9L7hU
IRS,UCcWZOFh3l-1LC7UvhdCXxQg,Evq4S-4zIe8
IRS,UCcWZOFh3l-1LC7UvhdCXxQg,zmz8fkPV19c
IRS,UCcWZOFh3l-1LC7UvhdCXxQg,dhDkUf2VBM4
IRS,UCcWZOFh3l-1LC7UvhdCXxQg,TnM5pwYsvnM
IRS,UCcWZOFh3l-1LC7UvhdCXxQg,dcYI1_equM4
IRS,UCcWZOFh3l-1LC7UvhdCXxQg,8OApf67_Ufs
IRS,UCcWZOFh3l-1LC7UvhdCXxQg,VJBez5NA2sE
IRS,UCcWZOFh3l-1LC7UvhdCXxQg,YlKxivyONOc
IRS,UCcWZOFh3l-1LC7UvhdCXxQg,Crd0Q5VMnEQ
IRS,UCcWZOFh3l-1LC7UvhdCXxQg,zlbbdSltEq8
IRS,UCcWZOFh3l-1LC7UvhdCXxQg,Jxue5wmWhPw
IRS,UCcWZOFh3l-1LC7UvhdCXxQg,TltKysqkbBg
IRS,UCcWZOFh3l-1LC7UvhdCXxQg,Kw_9IKcjLm0
IRS,UCcWZOFh3l-1LC7UvhdCXxQg,f4pTtrRIRRI
IRS,UCcWZOFh3l-1LC7UvhdCXxQg,X_Fovbz5RNg
IRS,UCcWZOFh3l-1LC7UvhdCXxQg,6cv1YvxyPA8
IRS,UCcWZOFh3l-1LC7UvhdCXxQg,pnldE1q4Hl8
IRS,UCcWZOFh3l-1LC7UvhdCXxQg,_eQzbceUgsA
IRS,UCcWZOFh3l-1LC7UvhdCXxQg,Ij6mEvYUhKU
IRS,UCcWZOFh3l-1LC7UvhdCXxQg,WB1fdawSsKM
IRS,UCcWZOFh3l-1LC7UvhdCXxQg,r8r3B-_eLVE
IRS,UCcWZOFh3l-1LC7UvhdCXxQg,1cvku9e9PGE
IRS,UCcWZOFh3l-1LC7UvhdCXxQg,IXJOi8mSAk4
IRS,UCcWZOFh3l-1LC7UvhdCXxQg,o3mjZI5hetQ
IRS,UCcWZOFh3l-1LC7UvhdCXxQg,eL4H3HUbgX0
IRS,UCcWZOFh3l-1LC7UvhdCXxQg,go3zMWSwT0U
IRS,UCcWZOFh3l-1LC7UvhdCXxQg,Qh57VRN3HKs
IRS,UCcWZOFh3l-1LC7UvhdCXxQg,NOHTlgdmR48
IRS,UCcWZOFh3l-1LC7UvhdCXxQg,KZx8-QbM--k
IRS,UCcWZOFh3l-1LC7UvhdCXxQg,oEBY8TQ-ofA
IRS,UCcWZOFh3l-1LC7UvhdCXxQg,gtagIypZPMk
IRS,UCcWZOFh3l-1LC7UvhdCXxQg,rbp2wgwdsAw
IRS,UCcWZOFh3l-1LC7UvhdCXxQg,EP00cZYiKkg
IRS,UCcWZOFh3l-1LC7UvhdCXxQg,01epJDvmpQM
IRS,UCcWZOFh3l-1LC7UvhdCXxQg,TqpUbQBxZSA
IRS,UCcWZOFh3l-1LC7UvhdCXxQg,l0jTtvVgbSA
IRS,UCcWZOFh3l-1LC7UvhdCXxQg,694FRpozhEY
IRS,UCcWZOFh3l-1LC7UvhdCXxQg,TMjHdVt9W2Q
IRS,UCcWZOFh3l-1LC7UvhdCXxQg,gpHIS1eCnIE
IRS,UCcWZOFh3l-1LC7UvhdCXxQg,kP911oajnoY
IRS,UCcWZOFh3l-1LC7UvhdCXxQg,sNRLmUUxOJc
IRS,UCcWZOFh3l-1LC7UvhdCXxQg,n_PV76pK3R4
IRS,UCcWZOFh3l-1LC7UvhdCXxQg,0Mp6PEKr-eA
IRS,UCcWZOFh3l-1LC7UvhdCXxQg,qfxOUpOFcQs
IRS,UCcWZOFh3l-1LC7UvhdCXxQg,4IRpiRiWh7w
IRS,UCcWZOFh3l-1LC7UvhdCXxQg,nMnRP90yHmo
IRS,UCcWZOFh3l-1LC7UvhdCXxQg,t568Vri40ow
IRS,UCcWZOFh3l-1LC7UvhdCXxQg,fuSyFLzdniw
IRS,UCcWZOFh3l-1LC7UvhdCXxQg,BeFH0U0U6M0
IRS,UCcWZOFh3l-1LC7UvhdCXxQg,9dCLWeyQ7Ls
IRS,UCcWZOFh3l-1LC7UvhdCXxQg,0gcToT82Qgo
IRS,UCcWZOFh3l-1LC7UvhdCXxQg,kVXU2euyDtQ
IRS,UCcWZOFh3l-1LC7UvhdCXxQg,Ie6xhEpdSqE
IRS,UCcWZOFh3l-1LC7UvhdCXxQg,xGfP91P5EyY
IRS,UCcWZOFh3l-1LC7UvhdCXxQg,xmzIKr5RkVs
IRS,UCcWZOFh3l-1LC7UvhdCXxQg,E6pZML7jVds
IRS,UCcWZOFh3l-1LC7UvhdCXxQg,LUZg8y36K0U
IRS,UCcWZOFh3l-1LC7UvhdCXxQg,iceK3KZaBos
IRS,UCcWZOFh3l-1LC7UvhdCXxQg,538TccvguLw
IRS,UCcWZOFh3l-1LC7UvhdCXxQg,VY3eH6igOf8
IRS,UCcWZOFh3l-1LC7UvhdCXxQg,QjXBnpnZQ1g
IRS,UCcWZOFh3l-1LC7UvhdCXxQg,1i_zcWn9Z9U
IRS,UCcWZOFh3l-1LC7UvhdCXxQg,X42LEslQbzs
IRS,UCcWZOFh3l-1LC7UvhdCXxQg,wTelLR2rnWM
IRS,UCcWZOFh3l-1LC7UvhdCXxQg,aLbY-DFBiUk
IRS,UCcWZOFh3l-1LC7UvhdCXxQg,kJqa_UwmbF0
IRS,UCcWZOFh3l-1LC7UvhdCXxQg,lMd7dBTmvWg
IRS,UCcWZOFh3l-1LC7UvhdCXxQg,n5XMTdtJHUY
IRS,UCcWZOFh3l-1LC7UvhdCXxQg,YlnVtTLwPv0
IRS,UCcWZOFh3l-1LC7UvhdCXxQg,_uXkQZFeB50
IRS,UCcWZOFh3l-1LC7UvhdCXxQg,WAfNt2yxezU
IRS,UCcWZOFh3l-1LC7UvhdCXxQg,UCiBxmsF1W8
IRS,UCcWZOFh3l-1LC7UvhdCXxQg,j7CkKh2CDbA
IRS,UCcWZOFh3l-1LC7UvhdCXxQg,KmN8MP-FbQ4
IRS,UCcWZOFh3l-1LC7UvhdCXxQg,nMszK7AWajI
IRS,UCcWZOFh3l-1LC7UvhdCXxQg,C6SULBLdWs8
IRS,UCcWZOFh3l-1LC7UvhdCXxQg,49Xuv-WjAvY
IRS,UCcWZOFh3l-1LC7UvhdCXxQg,grD0jGdbGG8
IRS,UCcWZOFh3l-1LC7UvhdCXxQg,QRA9gr1p2sc
IRS,UCcWZOFh3l-1LC7UvhdCXxQg,v9nQiueqBcc
IRS,UCcWZOFh3l-1LC7UvhdCXxQg,pKK_ODzi1jM
IRS,UCcWZOFh3l-1LC7UvhdCXxQg,BZM1BQ4K2Is
IRS,UCcWZOFh3l-1LC7UvhdCXxQg,zhTIX3r0Bms
IRS,UCcWZOFh3l-1LC7UvhdCXxQg,YM1kQ-1zWVA
IRS,UCcWZOFh3l-1LC7UvhdCXxQg,omTBoyJay6Q
IRS,UCcWZOFh3l-1LC7UvhdCXxQg,Pzux6EZLAno
IRS,UCcWZOFh3l-1LC7UvhdCXxQg,D4ujisPo2SE
IRS,UCcWZOFh3l-1LC7UvhdCXxQg,JrZRUN5m5Fo
IRS,UCcWZOFh3l-1LC7UvhdCXxQg,eModuzlRZ6A
IRS,UCcWZOFh3l-1LC7UvhdCXxQg,YQUiRKM2ddo
IRS,UCcWZOFh3l-1LC7UvhdCXxQg,CTriMlRlHtI
IRS,UCcWZOFh3l-1LC7UvhdCXxQg,zrqnNxpW894
IRS,UCcWZOFh3l-1LC7UvhdCXxQg,pqU4Sb_3WI8
IRS,UCcWZOFh3l-1LC7UvhdCXxQg,c5f1T-gd_Nw
IRS,UCcWZOFh3l-1LC7UvhdCXxQg,iG27SW-QY1w
IRS,UCcWZOFh3l-1LC7UvhdCXxQg,13o9RhIAilE
IRS,UCcWZOFh3l-1LC7UvhdCXxQg,SISLdCApEds
IRS,UCcWZOFh3l-1LC7UvhdCXxQg,7egSH6A-Ufg
IRS,UCcWZOFh3l-1LC7UvhdCXxQg,yUxz2NGOV7k
IRS,UCcWZOFh3l-1LC7UvhdCXxQg,zS9ZgMm-Ebg
IRS,UCcWZOFh3l-1LC7UvhdCXxQg,YMiY0SsIxcM
IRS,UCcWZOFh3l-1LC7UvhdCXxQg,GOnWuxcUwfI
IRS,UCcWZOFh3l-1LC7UvhdCXxQg,c56uEVpB2MM
IRS,UCcWZOFh3l-1LC7UvhdCXxQg,owBZSm9zq3g
IRS,UCcWZOFh3l-1LC7UvhdCXxQg,ym1nkA6A_Eg
IRS,UCcWZOFh3l-1LC7UvhdCXxQg,dMf8KjcvUSY
IRS,UCcWZOFh3l-1LC7UvhdCXxQg,bXnFbO7PGuM
IRS,UCcWZOFh3l-1LC7UvhdCXxQg,IBeptyWtk44
IRS,UCcWZOFh3l-1LC7UvhdCXxQg,uK4ukQM4pCc
IRS,UCcWZOFh3l-1LC7UvhdCXxQg,R1Ms4nxbkTI
IRS,UCcWZOFh3l-1LC7UvhdCXxQg,Ei7OtxMvgz8
IRS,UCcWZOFh3l-1LC7UvhdCXxQg,8350ljlbenE
IRS,UCcWZOFh3l-1LC7UvhdCXxQg,uXK5FEvBf10
IRS,UCcWZOFh3l-1LC7UvhdCXxQg,0ukm0tEYz6U
IRS,UCcWZOFh3l-1LC7UvhdCXxQg,Mmot-J0c5xo
IRS,UCcWZOFh3l-1LC7UvhdCXxQg,QMXgKZE9bpg
IRS,UCcWZOFh3l-1LC7UvhdCXxQg,ICJhOFcMMhw
IRS,UCcWZOFh3l-1LC7UvhdCXxQg,NUgCLX3hmoo
IRS,UCcWZOFh3l-1LC7UvhdCXxQg,0F4EGJbsDLc
IRS,UCcWZOFh3l-1LC7UvhdCXxQg,DtYufJmdm1A
IRS,UCcWZOFh3l-1LC7UvhdCXxQg,Ljuq3VzEcyQ
IRS,UCcWZOFh3l-1LC7UvhdCXxQg,3uN98TDwkKQ
IRS,UCcWZOFh3l-1LC7UvhdCXxQg,fHptjIAY7mA
IRS,UCcWZOFh3l-1LC7UvhdCXxQg,Fia--L6PAzU
IRS,UCcWZOFh3l-1LC7UvhdCXxQg,Kb5dVhwAcV0
IRS,UCcWZOFh3l-1LC7UvhdCXxQg,xw2ium65pY0
IRS,UCcWZOFh3l-1LC7UvhdCXxQg,c2XU8CEiTVk
IRS,UCcWZOFh3l-1LC7UvhdCXxQg,fBf2NFSB9vU
IRS,UCcWZOFh3l-1LC7UvhdCXxQg,Xe-QrE8RCsc
IRS,UCcWZOFh3l-1LC7UvhdCXxQg,hCOPGi6qjYg
