snapshot_time_utc,region,rank,video_id,channelId,title
2026-01-20T11:37:45.466150+00:00,US,1,b9JBRhV73cQ,UC0KAFLxIiaR_FFNYDL3utGw,A$AP Rocky - WHISKEY/BLACK DEMARCO (Official Video)
2026-01-20T11:37:45.466150+00:00,US,2,fmohHVMMN_o,UCqFzWxSCi39LnW1JKFR3efg,Stranger Things Promo - SNL
2026-01-20T11:37:45.466150+00:00,US,3,NCLPFcPce0I,UCdT4CtdHu3V0SkIoeonU5Yw,STEAL A BRAINROT GIVEAWAY LIVE | STEAL A BRAINROT FREE SECRETS + FREE BRAINROT GODS GIVEAWAY!
2026-01-20T11:37:45.466150+00:00,US,4,BWfKkqo1Mk8,UCEf_Bc-KVd7onSeifS3py9g,EXO 엑소 'Crown' MV
2026-01-20T11:37:45.466150+00:00,US,5,UtPg0hb8A0o,UCgMJGv4cQl8-q71AyFeFmtg,Every Clue that Dr Doom is Hiding in the Avengers: Doomsday Trailers
2026-01-20T11:37:45.466150+00:00,US,6,Mix2kvR1Cw8,UCMNEVbszv8ZyvSXoTn3yhpQ,🔴LIVE | ARC NUTTERS | MANY MEN MONDAY | #ShartInMyButtCallMrShartButt #BUNGULATE
2026-01-20T11:37:45.466150+00:00,US,7,FVz7T_nZAIw,UCsD7zvGKkqB7GvQpygW2few,T.I. - Let Em Know [Prod. by Pharrell Williams] (Official Audio)
2026-01-20T11:37:45.466150+00:00,US,8,UbNhSVj6WZM,UCBsbrudhKRrT9zs8iNOEjjw,Pre-Order Trailer | Marathon
2026-01-20T11:37:45.466150+00:00,US,9,km1IlBAZJH0,UCTkXRDQl0luXxVQrRQvWS6w,How Minecraft Manhunt is Made...
2026-01-20T11:37:45.466150+00:00,US,10,kj9OK_n6rpw,UCW5bkwocGGoeJjHTJZIEAOw,Puppet Parade
2026-01-20T11:37:45.466150+00:00,US,11,g5mVzcjc9xo,UC4wwLztavGbjXl366gsTYZg,Landman Season 3 Trailer & First Look
2026-01-20T11:37:45.466150+00:00,US,12,fwp90akC86g,UC63anZxfVGHUEmfBAf5w7pw,Water Boiling Simulator 
2026-01-20T11:37:45.466150+00:00,US,13,H5O5TKumLwc,UCtjfwzMQpKVkVUjxn8ED7Sg,Moonwalkin'
2026-01-20T11:37:45.466150+00:00,US,14,MB8aWvBPEWA,UC_ntXHv-XdKCD7CPynVvnQw,MY HERO ULTRA RUMBLE — Season 15 Trailer
2026-01-20T11:37:45.466150+00:00,US,15,5m1FcUc_puU,UCQeRaTukNYft1_6AZPACnog,The secret psychic weapon used in Venezuela
2026-01-20T11:37:45.466150+00:00,US,16,0azur7j0-Ho,UCnGjxxnmYTUxRl85hrjtEBg,Don Omar - Dale Don Dale (Visualizer)
2026-01-20T11:37:45.466150+00:00,US,17,ucPLdLZPb3g,UCDiFRMQWpcp8_KD4vwIVicw,A Knight Of The Seven Kingdoms Episode 2 Trailer: Blackfyre Rebellion & House Of The Dragon
2026-01-20T11:37:45.466150+00:00,US,18,R0-ZKhpAaA8,UClsOYNG1IV1l_OvJtizdtMg,#shorts CATCHING PREDS DAY 19
2026-01-20T11:37:45.466150+00:00,US,19,JlxtDCvjMa4,UC4t5Ht7gCo89-2r47qhdfzg,Chuyin x Fuerza Regida - INMORTAL (Letra)
2026-01-20T11:37:45.466150+00:00,US,20,IvGDPA9SbFE,UCQzdMyuz0Lf4zo4uGcEujFw,A Knight of the Seven Kingdoms | Weeks Ahead Trailer | HBO Max
2026-01-20T11:37:45.466150+00:00,US,21,pnk84gIndCs,UCjiXtODGCCulmhwypZAWSag,Guessing Your Rank in Rocket League!
2026-01-20T11:37:45.466150+00:00,US,22,7NkwFQV4oHc,UCrLYRfINK1XVUVan2AiUIUQ,End Of Beginning - DJO
2026-01-20T11:37:45.466150+00:00,US,23,TrUde1RDyM4,UCYRkq7GwQm0ezrhFJOZPO9Q,2XKO Season 1 2026 Launch Trailer
2026-01-20T11:37:45.466150+00:00,US,24,jRbC-UMnCOY,UCbCQBD9gKSEnNtIqmKY1R3Q,New Games We Love Playing in the Year of Fun
2026-01-20T11:37:45.466150+00:00,US,25,fdKEN2ipsBU,UCKF2q8hxA_WczzhFCAGQOdw,Ros Kantri
2026-01-20T11:37:45.466150+00:00,US,26,NeJiSmAemg4,UC5Pi8DHUItNgbGVhjh4kVgQ,"Marathon Is Launching On March 5th, New Trailer And Details - Luke Reacts"
2026-01-20T11:37:45.466150+00:00,US,27,w60Cew9cZbE,UCsPMNatXCwqyUuJilBT73jg,ROBLOX ENTER BRAINROT..
2026-01-20T11:37:45.466150+00:00,US,28,X6irLz3R2yw,UCE86oyLVAcsSkRAEWVtDUlA,Max B - I Want The Smoke | From The Block Performance 🎙 (New York)
2026-01-20T11:37:45.466150+00:00,US,29,qVchOaiqjBU,UCYyDbdaja1UDNdFSwUrYVGA,INSANE! Avengers Doomsday Trailers Cross 1 Billion Views (How Big Will It Be?) - John Campea Show
2026-01-20T11:37:45.466150+00:00,US,30,Dg1S9XhtTgY,UCke6I9N4KfC968-yRcd5YRg,"I Made $8,541,654,172 in Roblox in Escape The Tsunami"
2026-01-20T11:37:45.466150+00:00,US,31,J8QTJY3NWfA,UCh9gEpniCxuBnKRvpfwymgQ,Juan Gabriel - Así Fue (Letra/Lyrics)
2026-01-20T11:37:45.466150+00:00,US,32,oFS1LFNX96A,UCN3qdDrCmzy5xMQUObt3dhA,New Avengers Doomsday Trailers | The Escape Pod Podcast Ep. 156
2026-01-20T11:37:45.466150+00:00,US,33,jUWcFu55G-M,UC7trU46U_9XPDtMnDbiDPUQ,Okay HARDCORE MINECRAFT is kind of hard
2026-01-20T11:37:45.466150+00:00,US,34,vU43ebmiPRk,UCArLZtok93cO5R9RI4_Y5Jw,ENHYPEN (엔하이픈) ‘Knife’ Dance Practice
2026-01-20T11:37:45.466150+00:00,US,35,7laIhWUshwc,UCLx4I_7Mi5XyQbsovZcsgiQ,Euphoria Season 3 | Official Trailer | HBO Max available on NEON NZ
2026-01-20T11:37:45.466150+00:00,US,36,48BuIHM4dd0,UCdqyA7s-WBsgFamaEEu8GZg,STEAL A BRAINROT GIVEAWAY LIVE | STEAL A BRAINROT FREE SECRETS + FREE BRAINROT GODS
2026-01-20T11:37:45.466150+00:00,US,37,wTu5S9GWq5U,UCn6cs-J6iHiMenA_T6yI0ug,Mickey Factz - False Foe (Official Video) TRU FOE DISS
2026-01-20T11:37:45.466150+00:00,US,38,qvWG06wFiK0,UCEhJLsShZt8McryMf_DHLZQ,What You Don’t See When Airstream Launches a New Trailer
2026-01-20T11:37:45.466150+00:00,US,39,Bx-HTreD0Wo,UCNDzLI-hyihpAx3zKtwhGZw,I Stole The OWNERS Brainrots In Escape Tsunami For Brainrots…
2026-01-20T11:37:45.466150+00:00,US,40,8j7yFWgpnCA,UCpgpoxvgrxyul1uqC9hOF-A,make you mine
2026-01-20T11:37:45.466150+00:00,US,41,-tckRoT4ztg,UCvKMRl5yxhst6HW6Qw6qG2w,"Avengers: Doomsday - Final Trailer ""Rise Of Doom"" | Chris Hemsworth, Chris Evans | 2026"
2026-01-20T11:37:45.466150+00:00,US,42,uEilqpW76x0,UC2wKfjlioOCLP4xQMOWNcgg,🔴 LIVE! - TYPICAL GAMER plays FORTNITE DUO CASH CUP!
2026-01-20T11:37:45.466150+00:00,US,43,HyI0eY3GNp0,UCK7wSPETZbh2PK4SX33SuqQ,Fuerza Regida - caperuza (Letra)
2026-01-20T11:37:45.466150+00:00,US,44,swEnGF1Uoh4,UCWVSknuLPIRVGWf-4bFKT4Q,Becoming a TSUNAMI To Troll My Friends In Minecraft!
2026-01-20T11:37:45.466150+00:00,US,45,4z9TwEF4LJU,UCLn4PQreWn7Sbbp4HG-VD9Q,"Jlexis, Dani Barranco, Rome LMN - NADIE COMO NOSOTROS (VIDEO OFICIAL)"
2026-01-20T11:37:45.466150+00:00,US,46,F4PVEMzno_o,UCVAYy7_zddIx6USjXscV9Vg,I Accidentally Let a ZOMBIE in.. (Quarantine Zone)
2026-01-20T11:37:45.466150+00:00,US,47,KOnDymBEBM8,UCIz2huc-BRY7cjnkL2oU9Cw,ZAYN - PILLOWTALK (Lyrics)
2026-01-20T11:37:45.466150+00:00,US,48,2Vx0i90IU74,UC0eLBYhxW9HC0P9PXQ73mpQ,RAINBOW FRIEND is AT MY DOOR…
2026-01-20T11:37:45.466150+00:00,US,49,poUtpQ2SzrI,UCZwJNsS8DxGT8iTtOVbYUNg,Blueface Ft Stunna Girl - Better (OFFICIAL MUSIC VIDEO)
2026-01-20T11:37:45.466150+00:00,US,50,aqoga5rqAew,UC-dDPClZzfqCAcxuQPhqx7A,OUTLAST TRIALS IS SCARIER THAN WE REMEMBER
2026-01-20T11:38:20.143867+00:00,US,1,b9JBRhV73cQ,UC0KAFLxIiaR_FFNYDL3utGw,A$AP Rocky - WHISKEY/BLACK DEMARCO (Official Video)
2026-01-20T11:38:20.143867+00:00,US,2,fmohHVMMN_o,UCqFzWxSCi39LnW1JKFR3efg,Stranger Things Promo - SNL
2026-01-20T11:38:20.143867+00:00,US,3,NCLPFcPce0I,UCdT4CtdHu3V0SkIoeonU5Yw,STEAL A BRAINROT GIVEAWAY LIVE | STEAL A BRAINROT FREE SECRETS + FREE BRAINROT GODS GIVEAWAY!
2026-01-20T11:38:20.143867+00:00,US,4,BWfKkqo1Mk8,UCEf_Bc-KVd7onSeifS3py9g,EXO 엑소 'Crown' MV
2026-01-20T11:38:20.143867+00:00,US,5,UtPg0hb8A0o,UCgMJGv4cQl8-q71AyFeFmtg,Every Clue that Dr Doom is Hiding in the Avengers: Doomsday Trailers
2026-01-20T11:38:20.143867+00:00,US,6,Mix2kvR1Cw8,UCMNEVbszv8ZyvSXoTn3yhpQ,🔴LIVE | ARC NUTTERS | MANY MEN MONDAY | #ShartInMyButtCallMrShartButt #BUNGULATE
2026-01-20T11:38:20.143867+00:00,US,7,FVz7T_nZAIw,UCsD7zvGKkqB7GvQpygW2few,T.I. - Let Em Know [Prod. by Pharrell Williams] (Official Audio)
2026-01-20T11:38:20.143867+00:00,US,8,UbNhSVj6WZM,UCBsbrudhKRrT9zs8iNOEjjw,Pre-Order Trailer | Marathon
2026-01-20T11:38:20.143867+00:00,US,9,km1IlBAZJH0,UCTkXRDQl0luXxVQrRQvWS6w,How Minecraft Manhunt is Made...
2026-01-20T11:38:20.143867+00:00,US,10,kj9OK_n6rpw,UCW5bkwocGGoeJjHTJZIEAOw,Puppet Parade
2026-01-20T11:38:20.143867+00:00,US,11,g5mVzcjc9xo,UC4wwLztavGbjXl366gsTYZg,Landman Season 3 Trailer & First Look
2026-01-20T11:38:20.143867+00:00,US,12,fwp90akC86g,UC63anZxfVGHUEmfBAf5w7pw,Water Boiling Simulator 
2026-01-20T11:38:20.143867+00:00,US,13,H5O5TKumLwc,UCtjfwzMQpKVkVUjxn8ED7Sg,Moonwalkin'
2026-01-20T11:38:20.143867+00:00,US,14,MB8aWvBPEWA,UC_ntXHv-XdKCD7CPynVvnQw,MY HERO ULTRA RUMBLE — Season 15 Trailer
2026-01-20T11:38:20.143867+00:00,US,15,5m1FcUc_puU,UCQeRaTukNYft1_6AZPACnog,The secret psychic weapon used in Venezuela
2026-01-20T11:38:20.143867+00:00,US,16,0azur7j0-Ho,UCnGjxxnmYTUxRl85hrjtEBg,Don Omar - Dale Don Dale (Visualizer)
2026-01-20T11:38:20.143867+00:00,US,17,ucPLdLZPb3g,UCDiFRMQWpcp8_KD4vwIVicw,A Knight Of The Seven Kingdoms Episode 2 Trailer: Blackfyre Rebellion & House Of The Dragon
2026-01-20T11:38:20.143867+00:00,US,18,R0-ZKhpAaA8,UClsOYNG1IV1l_OvJtizdtMg,#shorts CATCHING PREDS DAY 19
2026-01-20T11:38:20.143867+00:00,US,19,JlxtDCvjMa4,UC4t5Ht7gCo89-2r47qhdfzg,Chuyin x Fuerza Regida - INMORTAL (Letra)
2026-01-20T11:38:20.143867+00:00,US,20,IvGDPA9SbFE,UCQzdMyuz0Lf4zo4uGcEujFw,A Knight of the Seven Kingdoms | Weeks Ahead Trailer | HBO Max
2026-01-20T11:38:20.143867+00:00,US,21,pnk84gIndCs,UCjiXtODGCCulmhwypZAWSag,Guessing Your Rank in Rocket League!
2026-01-20T11:38:20.143867+00:00,US,22,7NkwFQV4oHc,UCrLYRfINK1XVUVan2AiUIUQ,End Of Beginning - DJO
2026-01-20T11:38:20.143867+00:00,US,23,TrUde1RDyM4,UCYRkq7GwQm0ezrhFJOZPO9Q,2XKO Season 1 2026 Launch Trailer
2026-01-20T11:38:20.143867+00:00,US,24,jRbC-UMnCOY,UCbCQBD9gKSEnNtIqmKY1R3Q,New Games We Love Playing in the Year of Fun
2026-01-20T11:38:20.143867+00:00,US,25,fdKEN2ipsBU,UCKF2q8hxA_WczzhFCAGQOdw,Ros Kantri
2026-01-20T11:38:20.143867+00:00,US,26,NeJiSmAemg4,UC5Pi8DHUItNgbGVhjh4kVgQ,"Marathon Is Launching On March 5th, New Trailer And Details - Luke Reacts"
2026-01-20T11:38:20.143867+00:00,US,27,w60Cew9cZbE,UCsPMNatXCwqyUuJilBT73jg,ROBLOX ENTER BRAINROT..
2026-01-20T11:38:20.143867+00:00,US,28,X6irLz3R2yw,UCE86oyLVAcsSkRAEWVtDUlA,Max B - I Want The Smoke | From The Block Performance 🎙 (New York)
2026-01-20T11:38:20.143867+00:00,US,29,qVchOaiqjBU,UCYyDbdaja1UDNdFSwUrYVGA,INSANE! Avengers Doomsday Trailers Cross 1 Billion Views (How Big Will It Be?) - John Campea Show
2026-01-20T11:38:20.143867+00:00,US,30,Dg1S9XhtTgY,UCke6I9N4KfC968-yRcd5YRg,"I Made $8,541,654,172 in Roblox in Escape The Tsunami"
2026-01-20T11:38:20.143867+00:00,US,31,J8QTJY3NWfA,UCh9gEpniCxuBnKRvpfwymgQ,Juan Gabriel - Así Fue (Letra/Lyrics)
2026-01-20T11:38:20.143867+00:00,US,32,oFS1LFNX96A,UCN3qdDrCmzy5xMQUObt3dhA,New Avengers Doomsday Trailers | The Escape Pod Podcast Ep. 156
2026-01-20T11:38:20.143867+00:00,US,33,jUWcFu55G-M,UC7trU46U_9XPDtMnDbiDPUQ,Okay HARDCORE MINECRAFT is kind of hard
2026-01-20T11:38:20.143867+00:00,US,34,vU43ebmiPRk,UCArLZtok93cO5R9RI4_Y5Jw,ENHYPEN (엔하이픈) ‘Knife’ Dance Practice
2026-01-20T11:38:20.143867+00:00,US,35,7laIhWUshwc,UCLx4I_7Mi5XyQbsovZcsgiQ,Euphoria Season 3 | Official Trailer | HBO Max available on NEON NZ
2026-01-20T11:38:20.143867+00:00,US,36,48BuIHM4dd0,UCdqyA7s-WBsgFamaEEu8GZg,STEAL A BRAINROT GIVEAWAY LIVE | STEAL A BRAINROT FREE SECRETS + FREE BRAINROT GODS
2026-01-20T11:38:20.143867+00:00,US,37,wTu5S9GWq5U,UCn6cs-J6iHiMenA_T6yI0ug,Mickey Factz - False Foe (Official Video) TRU FOE DISS
2026-01-20T11:38:20.143867+00:00,US,38,qvWG06wFiK0,UCEhJLsShZt8McryMf_DHLZQ,What You Don’t See When Airstream Launches a New Trailer
2026-01-20T11:38:20.143867+00:00,US,39,Bx-HTreD0Wo,UCNDzLI-hyihpAx3zKtwhGZw,I Stole The OWNERS Brainrots In Escape Tsunami For Brainrots…
2026-01-20T11:38:20.143867+00:00,US,40,8j7yFWgpnCA,UCpgpoxvgrxyul1uqC9hOF-A,make you mine
2026-01-20T11:38:20.143867+00:00,US,41,-tckRoT4ztg,UCvKMRl5yxhst6HW6Qw6qG2w,"Avengers: Doomsday - Final Trailer ""Rise Of Doom"" | Chris Hemsworth, Chris Evans | 2026"
2026-01-20T11:38:20.143867+00:00,US,42,uEilqpW76x0,UC2wKfjlioOCLP4xQMOWNcgg,🔴 LIVE! - TYPICAL GAMER plays FORTNITE DUO CASH CUP!
2026-01-20T11:38:20.143867+00:00,US,43,HyI0eY3GNp0,UCK7wSPETZbh2PK4SX33SuqQ,Fuerza Regida - caperuza (Letra)
2026-01-20T11:38:20.143867+00:00,US,44,swEnGF1Uoh4,UCWVSknuLPIRVGWf-4bFKT4Q,Becoming a TSUNAMI To Troll My Friends In Minecraft!
2026-01-20T11:38:20.143867+00:00,US,45,4z9TwEF4LJU,UCLn4PQreWn7Sbbp4HG-VD9Q,"Jlexis, Dani Barranco, Rome LMN - NADIE COMO NOSOTROS (VIDEO OFICIAL)"
2026-01-20T11:38:20.143867+00:00,US,46,F4PVEMzno_o,UCVAYy7_zddIx6USjXscV9Vg,I Accidentally Let a ZOMBIE in.. (Quarantine Zone)
2026-01-20T11:38:20.143867+00:00,US,47,KOnDymBEBM8,UCIz2huc-BRY7cjnkL2oU9Cw,ZAYN - PILLOWTALK (Lyrics)
2026-01-20T11:38:20.143867+00:00,US,48,2Vx0i90IU74,UC0eLBYhxW9HC0P9PXQ73mpQ,RAINBOW FRIEND is AT MY DOOR…
2026-01-20T11:38:20.143867+00:00,US,49,poUtpQ2SzrI,UCZwJNsS8DxGT8iTtOVbYUNg,Blueface Ft Stunna Girl - Better (OFFICIAL MUSIC VIDEO)
2026-01-20T11:38:20.143867+00:00,US,50,aqoga5rqAew,UC-dDPClZzfqCAcxuQPhqx7A,OUTLAST TRIALS IS SCARIER THAN WE REMEMBER
2026-01-20T11:40:13.538071+00:00,US,1,b9JBRhV73cQ,UC0KAFLxIiaR_FFNYDL3utGw,A$AP Rocky - WHISKEY/BLACK DEMARCO (Official Video)
2026-01-20T11:40:13.538071+00:00,US,2,fmohHVMMN_o,UCqFzWxSCi39LnW1JKFR3efg,Stranger Things Promo - SNL
2026-01-20T11:40:13.538071+00:00,US,3,NCLPFcPce0I,UCdT4CtdHu3V0SkIoeonU5Yw,STEAL A BRAINROT GIVEAWAY LIVE | STEAL A BRAINROT FREE SECRETS + FREE BRAINROT GODS GIVEAWAY!
2026-01-20T11:40:13.538071+00:00,US,4,BWfKkqo1Mk8,UCEf_Bc-KVd7onSeifS3py9g,EXO 엑소 'Crown' MV
2026-01-20T11:40:13.538071+00:00,US,5,UtPg0hb8A0o,UCgMJGv4cQl8-q71AyFeFmtg,Every Clue that Dr Doom is Hiding in the Avengers: Doomsday Trailers
2026-01-20T11:40:13.538071+00:00,US,6,Mix2kvR1Cw8,UCMNEVbszv8ZyvSXoTn3yhpQ,🔴LIVE | ARC NUTTERS | MANY MEN MONDAY | #ShartInMyButtCallMrShartButt #BUNGULATE
2026-01-20T11:40:13.538071+00:00,US,7,FVz7T_nZAIw,UCsD7zvGKkqB7GvQpygW2few,T.I. - Let Em Know [Prod. by Pharrell Williams] (Official Audio)
2026-01-20T11:40:13.538071+00:00,US,8,UbNhSVj6WZM,UCBsbrudhKRrT9zs8iNOEjjw,Pre-Order Trailer | Marathon
2026-01-20T11:40:13.538071+00:00,US,9,km1IlBAZJH0,UCTkXRDQl0luXxVQrRQvWS6w,How Minecraft Manhunt is Made...
2026-01-20T11:40:13.538071+00:00,US,10,kj9OK_n6rpw,UCW5bkwocGGoeJjHTJZIEAOw,Puppet Parade
2026-01-20T11:40:13.538071+00:00,US,11,g5mVzcjc9xo,UC4wwLztavGbjXl366gsTYZg,Landman Season 3 Trailer & First Look
2026-01-20T11:40:13.538071+00:00,US,12,fwp90akC86g,UC63anZxfVGHUEmfBAf5w7pw,Water Boiling Simulator 
2026-01-20T11:40:13.538071+00:00,US,13,H5O5TKumLwc,UCtjfwzMQpKVkVUjxn8ED7Sg,Moonwalkin'
2026-01-20T11:40:13.538071+00:00,US,14,MB8aWvBPEWA,UC_ntXHv-XdKCD7CPynVvnQw,MY HERO ULTRA RUMBLE — Season 15 Trailer
2026-01-20T11:40:13.538071+00:00,US,15,5m1FcUc_puU,UCQeRaTukNYft1_6AZPACnog,The secret psychic weapon used in Venezuela
2026-01-20T11:40:13.538071+00:00,US,16,0azur7j0-Ho,UCnGjxxnmYTUxRl85hrjtEBg,Don Omar - Dale Don Dale (Visualizer)
2026-01-20T11:40:13.538071+00:00,US,17,ucPLdLZPb3g,UCDiFRMQWpcp8_KD4vwIVicw,A Knight Of The Seven Kingdoms Episode 2 Trailer: Blackfyre Rebellion & House Of The Dragon
2026-01-20T11:40:13.538071+00:00,US,18,R0-ZKhpAaA8,UClsOYNG1IV1l_OvJtizdtMg,#shorts CATCHING PREDS DAY 19
2026-01-20T11:40:13.538071+00:00,US,19,JlxtDCvjMa4,UC4t5Ht7gCo89-2r47qhdfzg,Chuyin x Fuerza Regida - INMORTAL (Letra)
2026-01-20T11:40:13.538071+00:00,US,20,IvGDPA9SbFE,UCQzdMyuz0Lf4zo4uGcEujFw,A Knight of the Seven Kingdoms | Weeks Ahead Trailer | HBO Max
2026-01-20T11:40:13.538071+00:00,US,21,pnk84gIndCs,UCjiXtODGCCulmhwypZAWSag,Guessing Your Rank in Rocket League!
2026-01-20T11:40:13.538071+00:00,US,22,7NkwFQV4oHc,UCrLYRfINK1XVUVan2AiUIUQ,End Of Beginning - DJO
2026-01-20T11:40:13.538071+00:00,US,23,TrUde1RDyM4,UCYRkq7GwQm0ezrhFJOZPO9Q,2XKO Season 1 2026 Launch Trailer
2026-01-20T11:40:13.538071+00:00,US,24,jRbC-UMnCOY,UCbCQBD9gKSEnNtIqmKY1R3Q,New Games We Love Playing in the Year of Fun
2026-01-20T11:40:13.538071+00:00,US,25,fdKEN2ipsBU,UCKF2q8hxA_WczzhFCAGQOdw,Ros Kantri
2026-01-20T11:40:13.538071+00:00,US,26,NeJiSmAemg4,UC5Pi8DHUItNgbGVhjh4kVgQ,"Marathon Is Launching On March 5th, New Trailer And Details - Luke Reacts"
2026-01-20T11:40:13.538071+00:00,US,27,w60Cew9cZbE,UCsPMNatXCwqyUuJilBT73jg,ROBLOX ENTER BRAINROT..
2026-01-20T11:40:13.538071+00:00,US,28,X6irLz3R2yw,UCE86oyLVAcsSkRAEWVtDUlA,Max B - I Want The Smoke | From The Block Performance 🎙 (New York)
2026-01-20T11:40:13.538071+00:00,US,29,qVchOaiqjBU,UCYyDbdaja1UDNdFSwUrYVGA,INSANE! Avengers Doomsday Trailers Cross 1 Billion Views (How Big Will It Be?) - John Campea Show
2026-01-20T11:40:13.538071+00:00,US,30,Dg1S9XhtTgY,UCke6I9N4KfC968-yRcd5YRg,"I Made $8,541,654,172 in Roblox in Escape The Tsunami"
2026-01-20T11:40:13.538071+00:00,US,31,J8QTJY3NWfA,UCh9gEpniCxuBnKRvpfwymgQ,Juan Gabriel - Así Fue (Letra/Lyrics)
2026-01-20T11:40:13.538071+00:00,US,32,oFS1LFNX96A,UCN3qdDrCmzy5xMQUObt3dhA,New Avengers Doomsday Trailers | The Escape Pod Podcast Ep. 156
2026-01-20T11:40:13.538071+00:00,US,33,jUWcFu55G-M,UC7trU46U_9XPDtMnDbiDPUQ,Okay HARDCORE MINECRAFT is kind of hard
2026-01-20T11:40:13.538071+00:00,US,34,vU43ebmiPRk,UCArLZtok93cO5R9RI4_Y5Jw,ENHYPEN (엔하이픈) ‘Knife’ Dance Practice
2026-01-20T11:40:13.538071+00:00,US,35,7laIhWUshwc,UCLx4I_7Mi5XyQbsovZcsgiQ,Euphoria Season 3 | Official Trailer | HBO Max available on NEON NZ
2026-01-20T11:40:13.538071+00:00,US,36,48BuIHM4dd0,UCdqyA7s-WBsgFamaEEu8GZg,STEAL A BRAINROT GIVEAWAY LIVE | STEAL A BRAINROT FREE SECRETS + FREE BRAINROT GODS
2026-01-20T11:40:13.538071+00:00,US,37,wTu5S9GWq5U,UCn6cs-J6iHiMenA_T6yI0ug,Mickey Factz - False Foe (Official Video) TRU FOE DISS
2026-01-20T11:40:13.538071+00:00,US,38,qvWG06wFiK0,UCEhJLsShZt8McryMf_DHLZQ,What You Don’t See When Airstream Launches a New Trailer
2026-01-20T11:40:13.538071+00:00,US,39,Bx-HTreD0Wo,UCNDzLI-hyihpAx3zKtwhGZw,I Stole The OWNERS Brainrots In Escape Tsunami For Brainrots…
2026-01-20T11:40:13.538071+00:00,US,40,8j7yFWgpnCA,UCpgpoxvgrxyul1uqC9hOF-A,make you mine
2026-01-20T11:40:13.538071+00:00,US,41,-tckRoT4ztg,UCvKMRl5yxhst6HW6Qw6qG2w,"Avengers: Doomsday - Final Trailer ""Rise Of Doom"" | Chris Hemsworth, Chris Evans | 2026"
2026-01-20T11:40:13.538071+00:00,US,42,uEilqpW76x0,UC2wKfjlioOCLP4xQMOWNcgg,🔴 LIVE! - TYPICAL GAMER plays FORTNITE DUO CASH CUP!
2026-01-20T11:40:13.538071+00:00,US,43,HyI0eY3GNp0,UCK7wSPETZbh2PK4SX33SuqQ,Fuerza Regida - caperuza (Letra)
2026-01-20T11:40:13.538071+00:00,US,44,swEnGF1Uoh4,UCWVSknuLPIRVGWf-4bFKT4Q,Becoming a TSUNAMI To Troll My Friends In Minecraft!
2026-01-20T11:40:13.538071+00:00,US,45,4z9TwEF4LJU,UCLn4PQreWn7Sbbp4HG-VD9Q,"Jlexis, Dani Barranco, Rome LMN - NADIE COMO NOSOTROS (VIDEO OFICIAL)"
2026-01-20T11:40:13.538071+00:00,US,46,F4PVEMzno_o,UCVAYy7_zddIx6USjXscV9Vg,I Accidentally Let a ZOMBIE in.. (Quarantine Zone)
2026-01-20T11:40:13.538071+00:00,US,47,KOnDymBEBM8,UCIz2huc-BRY7cjnkL2oU9Cw,ZAYN - PILLOWTALK (Lyrics)
2026-01-20T11:40:13.538071+00:00,US,48,2Vx0i90IU74,UC0eLBYhxW9HC0P9PXQ73mpQ,RAINBOW FRIEND is AT MY DOOR…
2026-01-20T11:40:13.538071+00:00,US,49,poUtpQ2SzrI,UCZwJNsS8DxGT8iTtOVbYUNg,Blueface Ft Stunna Girl - Better (OFFICIAL MUSIC VIDEO)
2026-01-20T11:40:13.538071+00:00,US,50,aqoga5rqAew,UC-dDPClZzfqCAcxuQPhqx7A,OUTLAST TRIALS IS SCARIER THAN WE REMEMBER
2026-01-21T15:20:23.673488+00:00,US,1,o0Q9D2Tn_NY,UCHff-NEFRwjc1hYr9nkCk2A,FattMack - White Knight [Official Music Video]
2026-01-21T15:20:23.673488+00:00,US,2,h5CtjDLvUVk,UCOpcACMWblDls9Z6GERVi1A,Honest Trailers | The Lord of the Rings: The Two Towers
2026-01-21T15:20:23.673488+00:00,US,3,AUWH7uHPgOY,UC-gW4TeZAlKm7UATp24JsWQ,We Played The Most Hilarious Game of 2026
2026-01-21T15:20:23.673488+00:00,US,4,b9JBRhV73cQ,UC0KAFLxIiaR_FFNYDL3utGw,A$AP Rocky - WHISKEY/BLACK DEMARCO (Official Video)
2026-01-21T15:20:23.673488+00:00,US,5,U4u0cdUgV5Q,UC7yRILFFJ2QZCykymr8LPwA,"OK, Let’s Talk About the Avengers Doomsday TIMESTAMPS…"
2026-01-21T15:20:23.673488+00:00,US,6,D7hmj_cT-Qk,UCvYPobTo42NM36X7VC4dLhA,I Got Trained By the World's Best Minecraft Player
2026-01-21T15:20:23.673488+00:00,US,7,v1E2jOkTtng,UCOBVHHugHl1EI3R5Zxs3fyA,Topoppgen - twin towers (Official Video)
2026-01-21T15:20:23.673488+00:00,US,8,dDAb7PiixUc,UCDiFRMQWpcp8_KD4vwIVicw,Avengers Doomsday Trailer What Happened To Hulk & Spider-Man
2026-01-21T15:20:23.673488+00:00,US,9,ciURKxo-zsU,UCsPMNatXCwqyUuJilBT73jg,I Got the new TACO BASE in Steal A Brainrot..
2026-01-21T15:20:23.673488+00:00,US,10,q-mWC7xuuEA,UCLp8RBhQHu9wSsq62j_Md6A,"Luis Fonsi, Feid - CAMBIARÉ (Official Video)"
2026-01-21T15:20:23.673488+00:00,US,11,6iX0aiIcYls,UCKy1dAqELo0zrOtPkf0eTMw,For Honor - Official Juren Hero Reveal Trailer
2026-01-21T15:20:23.673488+00:00,US,12,Va6Hpa9CG0k,UCQeRaTukNYft1_6AZPACnog,This is sad
2026-01-21T15:20:23.673488+00:00,US,13,tzKyfA91gvI,UCEppfvDmo8wDrh7nZVwfZ1Q,Ya Fue
2026-01-21T15:20:23.673488+00:00,US,14,UtPg0hb8A0o,UCgMJGv4cQl8-q71AyFeFmtg,Every Clue that Dr Doom is Hiding in the Avengers: Doomsday Trailers
2026-01-21T15:20:23.673488+00:00,US,15,NCLPFcPce0I,UCdT4CtdHu3V0SkIoeonU5Yw,Steal a Brainrot DUPE GLITCH LIVE | STEAL A BRAINROT FREE SECRETS + FREE BRAINROT GODS GIVEAWAY!
2026-01-21T15:20:23.673488+00:00,US,16,l_FAD5ePJaM,UCvNFEyv4q6QvZ4Of2GKhzSw,Hunxho - Free Da Press [Official Video]
2026-01-21T15:20:23.673488+00:00,US,17,BftIr01R0uU,UCCOSYITWQHRSUxvlQ4_PSCg,Sonic Presents: The Chaotix Casefiles Trailer
2026-01-21T15:20:23.673488+00:00,US,18,8DIKypCu94s,UCB2ahU2xIXD1Emto8sBNOow,TIMTHETATMAN REACTS TO $40K MARVEL RIVALS TOURNAMENT DRAMA
2026-01-21T15:20:23.673488+00:00,US,19,Gk4tzP34ANY,UC9n0bFMw6qvX6CdLCDbbCkg,BAK Jay - Reap 2 (Official Music Video)
2026-01-21T15:20:23.673488+00:00,US,20,fmohHVMMN_o,UCqFzWxSCi39LnW1JKFR3efg,Stranger Things Promo - SNL
2026-01-21T15:20:23.673488+00:00,US,21,XaqTkZepjPI,UCm-X6o81nRsXQTmqpyArkBQ,YOU vs HOMER
2026-01-21T15:20:23.673488+00:00,US,22,xwXP0pXGQyU,UCd2MOKbu0DTk945U4pMHZqg,Josiah Queen - demons (Official Music Video)
2026-01-21T15:20:23.673488+00:00,US,23,2M4hKmuBzUU,UC7bd9i-yWpUOhvC72fATxrQ,O'Romeo Official Trailer | Sajid N | Vishal B | Shahid K | Triptii D | Nana P | Avinash T | 13th Feb
2026-01-21T15:20:23.673488+00:00,US,24,uVsNH8tgVQs,UCbCQBD9gKSEnNtIqmKY1R3Q,Something Feels Electric About This Slot
2026-01-21T15:20:23.673488+00:00,US,25,l7csHY86NXs,UCFWHWqcDEfkngrRFKUOxDlg,Journey - Faithfully (Lyrics)
2026-01-21T15:20:23.673488+00:00,US,26,nzrGx-NBSv0,UCa2MXjBtWn91WPHWRBCLI6Q,"SPIDER-MAN: BRAND NEW DAY - First Trailer (2026) Tom Holland, Sadie Sink| Sony Pictures | Concept"
2026-01-21T15:20:23.673488+00:00,US,27,XK6mHWUAC9I,UCRkuUgtDAL4XSU5jB40J_wA,Finishing The 67 Troll Tower In Roblox!
2026-01-21T15:20:23.673488+00:00,US,28,aMSlF1oo6Bw,UC0nS0FSoouwc_Nm8g6DnH8w,Lorna Shore - In Darkness (Official Video)
2026-01-21T15:20:23.673488+00:00,US,29,0yqrgPk56Ns,UCbLj9QP9FAaHs_647QckGtg,Midnight Pre-Expansion Update Trailer | World of Warcraft
2026-01-21T15:20:23.673488+00:00,US,30,B4HZNcx6hmY,UCoRjsuzMh-MqfRjvlqaVLPw,Starting Over But You Can BUY Super Luck...
2026-01-21T15:20:23.673488+00:00,US,31,0azur7j0-Ho,UCnGjxxnmYTUxRl85hrjtEBg,Don Omar - Dale Don Dale (Visualizer)
2026-01-21T15:20:23.673488+00:00,US,32,g5mVzcjc9xo,UC4wwLztavGbjXl366gsTYZg,Landman Season 3 Trailer & First Look
2026-01-21T15:20:23.673488+00:00,US,33,OFzTtM8BZBI,UCnuf06xsaSO8f2svzMENyBw,Trolling My Friend as a NOOB with 0.01% Brainrots in Escape Tsunami for Brainrots
2026-01-21T15:20:23.673488+00:00,US,34,fdKEN2ipsBU,UCKF2q8hxA_WczzhFCAGQOdw,Ros Kantri
2026-01-21T15:20:23.673488+00:00,US,35,OKLUmtcPDRw,UCLRlryMfL8ffxzrtqv0_k_w,OUTLANDER Final Season Official Teaser Trailer (2026)
2026-01-21T15:20:23.673488+00:00,US,36,Vk_ejra3tJM,UCY0R0Ck6qK2deVTKkfWJIEA,I ENTERED A NEW BRAINROT…
2026-01-21T15:20:23.673488+00:00,US,37,pFCTt2MV41Q,UCFBMI8L7pEONYjUaXtL9UTA,PlayerrWays & GMoneyDT - Drex The Burger (Official Music Video)
2026-01-21T15:20:23.673488+00:00,US,38,UbNhSVj6WZM,UCBsbrudhKRrT9zs8iNOEjjw,Pre-Order Trailer | Marathon
2026-01-21T15:20:23.673488+00:00,US,39,2RjpTnSCKbA,UCZz1vlP2XaeKnEP3L5hmcVA,We Have a Pretty Dark Elder Scrolls 6 Update
2026-01-21T15:20:23.673488+00:00,US,40,0aOU-LBtxUI,UCpe3TthvXb8kmRiFbkeDGCQ,Imposter
2026-01-21T15:20:23.673488+00:00,US,41,MB8aWvBPEWA,UC_ntXHv-XdKCD7CPynVvnQw,MY HERO ULTRA RUMBLE — Season 15 Trailer
2026-01-21T15:20:23.673488+00:00,US,42,D_BzXUCnVWE,UCESiRVMacmdsijiOtKvOeKQ,ROBLOX ENTER MORE BRAINROT
2026-01-21T15:20:23.673488+00:00,US,43,BWfKkqo1Mk8,UCEf_Bc-KVd7onSeifS3py9g,EXO 엑소 'Crown' MV
2026-01-21T15:20:23.673488+00:00,US,44,qj51LFfawi0,UC6sNQynIe-NShi4sY3Rn_0Q,Knight's Path — Official Gameplay Trailer
2026-01-21T15:20:23.673488+00:00,US,45,UE33YZNzMjU,UCfLZZ8EHv4i_guP1skP5ClQ,"Bogur Reacts to ""I was kicked from a $40,000 tournament..."""
2026-01-21T15:20:23.673488+00:00,US,46,UYwrStqVAVM,UC-gyn25H6GcaFDYEqvFVjHA,Lady Killers II
2026-01-21T15:20:23.673488+00:00,US,47,NYsBjj-ON9M,UCc3qOMA8TN5b3PPRlGAFA0Q,"Reptile (2026) - First Look | Jason Statham, Dwayne Johnson - Concept Trailer"
2026-01-21T15:20:23.673488+00:00,US,48,v9I2biWY7fc,UCZBY6V8Lxmwu8gGRBOyO11w,I CANT DECIDE ON WHETHER THIS IS THE BEST OR WORST GAME IVE PLAYED | Free Random Games
2026-01-21T15:20:23.673488+00:00,US,49,dnTZedyf6Eg,UC69yJGpLNIMk6_ECLwxBZwA,Creedence Clearwater Revival - Fortunate Son (Vertical Version)
2026-01-21T15:20:23.673488+00:00,US,50,TTm68_ejtoc,UCsgv2QHkT2ljEixyulzOnUQ,Top 10 MOST DISAPPOINTING Games of 2025!
2026-01-21T15:21:41.407723+00:00,US,1,o0Q9D2Tn_NY,UCHff-NEFRwjc1hYr9nkCk2A,FattMack - White Knight [Official Music Video]
2026-01-21T15:21:41.407723+00:00,US,2,h5CtjDLvUVk,UCOpcACMWblDls9Z6GERVi1A,Honest Trailers | The Lord of the Rings: The Two Towers
2026-01-21T15:21:41.407723+00:00,US,3,AUWH7uHPgOY,UC-gW4TeZAlKm7UATp24JsWQ,We Played The Most Hilarious Game of 2026
2026-01-21T15:21:41.407723+00:00,US,4,b9JBRhV73cQ,UC0KAFLxIiaR_FFNYDL3utGw,A$AP Rocky - WHISKEY/BLACK DEMARCO (Official Video)
2026-01-21T15:21:41.407723+00:00,US,5,U4u0cdUgV5Q,UC7yRILFFJ2QZCykymr8LPwA,"OK, Let’s Talk About the Avengers Doomsday TIMESTAMPS…"
2026-01-21T15:21:41.407723+00:00,US,6,D7hmj_cT-Qk,UCvYPobTo42NM36X7VC4dLhA,I Got Trained By the World's Best Minecraft Player
2026-01-21T15:21:41.407723+00:00,US,7,v1E2jOkTtng,UCOBVHHugHl1EI3R5Zxs3fyA,Topoppgen - twin towers (Official Video)
2026-01-21T15:21:41.407723+00:00,US,8,dDAb7PiixUc,UCDiFRMQWpcp8_KD4vwIVicw,Avengers Doomsday Trailer What Happened To Hulk & Spider-Man
2026-01-21T15:21:41.407723+00:00,US,9,ciURKxo-zsU,UCsPMNatXCwqyUuJilBT73jg,I Got the new TACO BASE in Steal A Brainrot..
2026-01-21T15:21:41.407723+00:00,US,10,q-mWC7xuuEA,UCLp8RBhQHu9wSsq62j_Md6A,"Luis Fonsi, Feid - CAMBIARÉ (Official Video)"
2026-01-21T15:21:41.407723+00:00,US,11,6iX0aiIcYls,UCKy1dAqELo0zrOtPkf0eTMw,For Honor - Official Juren Hero Reveal Trailer
2026-01-21T15:21:41.407723+00:00,US,12,Va6Hpa9CG0k,UCQeRaTukNYft1_6AZPACnog,This is sad
2026-01-21T15:21:41.407723+00:00,US,13,tzKyfA91gvI,UCEppfvDmo8wDrh7nZVwfZ1Q,Ya Fue
2026-01-21T15:21:41.407723+00:00,US,14,UtPg0hb8A0o,UCgMJGv4cQl8-q71AyFeFmtg,Every Clue that Dr Doom is Hiding in the Avengers: Doomsday Trailers
2026-01-21T15:21:41.407723+00:00,US,15,NCLPFcPce0I,UCdT4CtdHu3V0SkIoeonU5Yw,Steal a Brainrot DUPE GLITCH LIVE | STEAL A BRAINROT FREE SECRETS + FREE BRAINROT GODS GIVEAWAY!
2026-01-21T15:21:41.407723+00:00,US,16,l_FAD5ePJaM,UCvNFEyv4q6QvZ4Of2GKhzSw,Hunxho - Free Da Press [Official Video]
2026-01-21T15:21:41.407723+00:00,US,17,BftIr01R0uU,UCCOSYITWQHRSUxvlQ4_PSCg,Sonic Presents: The Chaotix Casefiles Trailer
2026-01-21T15:21:41.407723+00:00,US,18,8DIKypCu94s,UCB2ahU2xIXD1Emto8sBNOow,TIMTHETATMAN REACTS TO $40K MARVEL RIVALS TOURNAMENT DRAMA
2026-01-21T15:21:41.407723+00:00,US,19,Gk4tzP34ANY,UC9n0bFMw6qvX6CdLCDbbCkg,BAK Jay - Reap 2 (Official Music Video)
2026-01-21T15:21:41.407723+00:00,US,20,fmohHVMMN_o,UCqFzWxSCi39LnW1JKFR3efg,Stranger Things Promo - SNL
2026-01-21T15:21:41.407723+00:00,US,21,XaqTkZepjPI,UCm-X6o81nRsXQTmqpyArkBQ,YOU vs HOMER
2026-01-21T15:21:41.407723+00:00,US,22,xwXP0pXGQyU,UCd2MOKbu0DTk945U4pMHZqg,Josiah Queen - demons (Official Music Video)
2026-01-21T15:21:41.407723+00:00,US,23,2M4hKmuBzUU,UC7bd9i-yWpUOhvC72fATxrQ,O'Romeo Official Trailer | Sajid N | Vishal B | Shahid K | Triptii D | Nana P | Avinash T | 13th Feb
2026-01-21T15:21:41.407723+00:00,US,24,uVsNH8tgVQs,UCbCQBD9gKSEnNtIqmKY1R3Q,Something Feels Electric About This Slot
2026-01-21T15:21:41.407723+00:00,US,25,l7csHY86NXs,UCFWHWqcDEfkngrRFKUOxDlg,Journey - Faithfully (Lyrics)
2026-01-21T15:21:41.407723+00:00,US,26,nzrGx-NBSv0,UCa2MXjBtWn91WPHWRBCLI6Q,"SPIDER-MAN: BRAND NEW DAY - First Trailer (2026) Tom Holland, Sadie Sink| Sony Pictures | Concept"
2026-01-21T15:21:41.407723+00:00,US,27,XK6mHWUAC9I,UCRkuUgtDAL4XSU5jB40J_wA,Finishing The 67 Troll Tower In Roblox!
2026-01-21T15:21:41.407723+00:00,US,28,aMSlF1oo6Bw,UC0nS0FSoouwc_Nm8g6DnH8w,Lorna Shore - In Darkness (Official Video)
2026-01-21T15:21:41.407723+00:00,US,29,0yqrgPk56Ns,UCbLj9QP9FAaHs_647QckGtg,Midnight Pre-Expansion Update Trailer | World of Warcraft
2026-01-21T15:21:41.407723+00:00,US,30,B4HZNcx6hmY,UCoRjsuzMh-MqfRjvlqaVLPw,Starting Over But You Can BUY Super Luck...
2026-01-21T15:21:41.407723+00:00,US,31,0azur7j0-Ho,UCnGjxxnmYTUxRl85hrjtEBg,Don Omar - Dale Don Dale (Visualizer)
2026-01-21T15:21:41.407723+00:00,US,32,g5mVzcjc9xo,UC4wwLztavGbjXl366gsTYZg,Landman Season 3 Trailer & First Look
2026-01-21T15:21:41.407723+00:00,US,33,OFzTtM8BZBI,UCnuf06xsaSO8f2svzMENyBw,Trolling My Friend as a NOOB with 0.01% Brainrots in Escape Tsunami for Brainrots
2026-01-21T15:21:41.407723+00:00,US,34,fdKEN2ipsBU,UCKF2q8hxA_WczzhFCAGQOdw,Ros Kantri
2026-01-21T15:21:41.407723+00:00,US,35,OKLUmtcPDRw,UCLRlryMfL8ffxzrtqv0_k_w,OUTLANDER Final Season Official Teaser Trailer (2026)
2026-01-21T15:21:41.407723+00:00,US,36,Vk_ejra3tJM,UCY0R0Ck6qK2deVTKkfWJIEA,I ENTERED A NEW BRAINROT…
2026-01-21T15:21:41.407723+00:00,US,37,pFCTt2MV41Q,UCFBMI8L7pEONYjUaXtL9UTA,PlayerrWays & GMoneyDT - Drex The Burger (Official Music Video)
2026-01-21T15:21:41.407723+00:00,US,38,UbNhSVj6WZM,UCBsbrudhKRrT9zs8iNOEjjw,Pre-Order Trailer | Marathon
2026-01-21T15:21:41.407723+00:00,US,39,2RjpTnSCKbA,UCZz1vlP2XaeKnEP3L5hmcVA,We Have a Pretty Dark Elder Scrolls 6 Update
2026-01-21T15:21:41.407723+00:00,US,40,0aOU-LBtxUI,UCpe3TthvXb8kmRiFbkeDGCQ,Imposter
2026-01-21T15:21:41.407723+00:00,US,41,MB8aWvBPEWA,UC_ntXHv-XdKCD7CPynVvnQw,MY HERO ULTRA RUMBLE — Season 15 Trailer
2026-01-21T15:21:41.407723+00:00,US,42,D_BzXUCnVWE,UCESiRVMacmdsijiOtKvOeKQ,ROBLOX ENTER MORE BRAINROT
2026-01-21T15:21:41.407723+00:00,US,43,BWfKkqo1Mk8,UCEf_Bc-KVd7onSeifS3py9g,EXO 엑소 'Crown' MV
2026-01-21T15:21:41.407723+00:00,US,44,qj51LFfawi0,UC6sNQynIe-NShi4sY3Rn_0Q,Knight's Path — Official Gameplay Trailer
2026-01-21T15:21:41.407723+00:00,US,45,UE33YZNzMjU,UCfLZZ8EHv4i_guP1skP5ClQ,"Bogur Reacts to ""I was kicked from a $40,000 tournament..."""
2026-01-21T15:21:41.407723+00:00,US,46,UYwrStqVAVM,UC-gyn25H6GcaFDYEqvFVjHA,Lady Killers II
2026-01-21T15:21:41.407723+00:00,US,47,NYsBjj-ON9M,UCc3qOMA8TN5b3PPRlGAFA0Q,"Reptile (2026) - First Look | Jason Statham, Dwayne Johnson - Concept Trailer"
2026-01-21T15:21:41.407723+00:00,US,48,v9I2biWY7fc,UCZBY6V8Lxmwu8gGRBOyO11w,I CANT DECIDE ON WHETHER THIS IS THE BEST OR WORST GAME IVE PLAYED | Free Random Games
2026-01-21T15:21:41.407723+00:00,US,49,dnTZedyf6Eg,UC69yJGpLNIMk6_ECLwxBZwA,Creedence Clearwater Revival - Fortunate Son (Vertical Version)
2026-01-21T15:21:41.407723+00:00,US,50,TTm68_ejtoc,UCsgv2QHkT2ljEixyulzOnUQ,Top 10 MOST DISAPPOINTING Games of 2025!
2026-01-22T20:18:52.076790+00:00,US,1,m4sEaJhaKzI,UChEYVadfkMCfrKUi6qr3I1Q,"Kodak Black - Endless Nights feat. Gunna, Roddy Ricch, French Montana [Official Music Video]"
2026-01-22T20:18:52.076790+00:00,US,2,ZmEx7wQI6RY,UCf5CjDJvsFvtVIhkfmKAwAA,Masters of The Universe – Official Teaser Trailer
2026-01-22T20:18:52.076790+00:00,US,3,hXn6bvU1Kh4,UCjBp_7RuDBUYbd1LegWEJ8g,[4K] Developer_Direct 2026
2026-01-22T20:18:52.076790+00:00,US,4,KBxF7jPjSsI,UCJjRK3vyP6DmXs077_VejHw,Fox BD - Free Jr. Foxx (Official Music Video)
2026-01-22T20:18:52.076790+00:00,US,5,oonACDq89BY,UCZGYJFUizSax-yElQaFDp5Q,Star Wars: Maul - Shadow Lord | Official Teaser Trailer | Streaming April 6 on Disney+
2026-01-22T20:18:52.076790+00:00,US,6,uaE40kR6f_U,UCooVYzDxdwTtGYAkcPmOgOw,Glowbert needs a friend! (Brawl Stars Animation)
2026-01-22T20:18:52.076790+00:00,US,7,n1Q9rV0RV4k,UC3HAFIOd1GITlm8aiysyxxA,Journey - Don't Stop Believin' (Lyrics)
2026-01-22T20:18:52.076790+00:00,US,8,ZnfUeVeMKjY,UCQJWtTnAHhEG5w4uN0udnUQ,Invincible Season 4 - Official Trailer | Prime Video
2026-01-22T20:18:52.076790+00:00,US,9,fWeRcr3mX44,UC7_YxT-KID8kRbqZo7MyscQ,Random Horror Games
2026-01-22T20:18:52.076790+00:00,US,10,zy2TLLeNgp0,UCZjBqZjGsmI5OAVsLSroaWQ,DEF LEPPARD - Rejoice (Official Lyric Video)
2026-01-22T20:18:52.076790+00:00,US,11,SnWnFUcBL_0,UCLRlryMfL8ffxzrtqv0_k_w,MASTERS OF THE UNIVERSE Official Trailer (2026) He-Man
2026-01-22T20:18:52.076790+00:00,US,12,8b1qEsQIapI,UCzXwjTI6c6mVn6oui_p6oiw,NO JOHN PORK NOOOOO
2026-01-22T20:18:52.076790+00:00,US,13,hcx0QonGMRA,UCpbVuAz2yFpNVp0SoCzvFSw,THF Lil Law - It Go Up It Go Down | Shot by @TSimsFilmsInc
2026-01-22T20:18:52.076790+00:00,US,14,pWw-UENvdTw,UCydtMNspoPAlqBjFSGnigSw,Forza Horizon 6 - Official Gameplay Teaser Trailer
2026-01-22T20:18:52.076790+00:00,US,15,3ZAXqR10ZKE,UCP7l2eYJokMkMQVwPs8WB_A,Deadpool & Wolverine
2026-01-22T20:18:52.076790+00:00,US,16,6D7OHW8JT10,UCv9hh7nDzC7XiJz0WvIz__g,Foreigner - Waiting For A Girl Like You (Lyrics)
2026-01-22T20:18:52.076790+00:00,US,17,i1fqbyMXt1Y,UCVg9nCmmfIyP4QcGOnZZ9Qg,Street Fighter 6 - Alex Gameplay Trailer
2026-01-22T20:18:52.076790+00:00,US,18,tGeATNyMFn4,UC63anZxfVGHUEmfBAf5w7pw,Somethings Wrong At This Diner…
2026-01-22T20:18:52.076790+00:00,US,19,0IOP69dAZoE,UCsfPXoStha2wqN8hB9dFR2g,STOLE YA FLOW
2026-01-22T20:18:52.076790+00:00,US,20,2Ag4H4WxoxU,UCa2MXjBtWn91WPHWRBCLI6Q,He-Man: Masters Of The Universe - Trailer (2026) Nicholas Galitzine | Amazon MGM | Concept
2026-01-22T20:18:52.076790+00:00,US,21,lWBLU1ccssw,UCulXXKKrC3LjQpxGNPNMFPA,The ENTIRE Kingsman Marvel Rivals Drama
2026-01-22T20:18:52.076790+00:00,US,22,6mFI1ykxAXg,UCBHpKSBIuK0grzOV4JxPHeQ,Mahmud Bin Asraf - Papaoutai - Afro Soul | Music Video
2026-01-22T20:18:52.076790+00:00,US,23,1cfNZ_qLeOc,UCFctpiB_Hnlk3ejWfHqSm6Q,Pokémon TCG Pocket: Fantastical Parade | Official Trailer
2026-01-22T20:18:52.076790+00:00,US,24,UXWwCYCPHIM,UCYzPXprvl5Y-Sf0g4vX-m6g,Papers Please but Zombies (Quarantine Zone)
2026-01-22T20:18:52.076790+00:00,US,25,32gwCNwlIHc,UCK7wSPETZbh2PK4SX33SuqQ,Fuerza Regida - CHAVALITAS (Letra)
2026-01-22T20:18:52.076790+00:00,US,26,GKBybVSQ9LA,UCs95gwav7frv5HTVqAGa7uQ,Masters of The Universe – Official Teaser Trailer - Reaction!
2026-01-22T20:18:52.076790+00:00,US,27,DVB3hZoOF0A,UCGIY_O-8vW4rfX98KlMkvRg,Super Mario Bros. Wonder – Nintendo Switch 2 Edition + Meetup in Bellabel Park — What’s on the Way
2026-01-22T20:18:52.076790+00:00,US,28,5a0B6kW_Xmc,UC5ZdSLpWcyGkyuOrIjI1Bdg,BOO (Radio Edit)
2026-01-22T20:18:52.076790+00:00,US,29,06hgj8Bl-0w,UCi8e0iOVk1fEOogdfu4YgfA,Masters of the Universe Teaser Trailer (2026)
2026-01-22T20:18:52.076790+00:00,US,30,hubd833y18E,UCKqH_9mk1waLgBiL2vT5b9g,GTA5 Online - Spider-Man and Classic Car Darts! (Overtime Rumble)
2026-01-22T20:18:52.076790+00:00,US,31,x0gspgAo7QA,UCdig85O-k5LCkMshTnP0Xzw,Montagem Miau
2026-01-22T20:18:52.076790+00:00,US,32,xdU6S7TmNu0,UCOgaIuQYGr6ow_jbote4BKA,IT'S THE ALEX TRAILER & 2XKO Full Launch! 🔴Full Stream🔴 (1-21)
2026-01-22T20:18:52.076790+00:00,US,33,TvLeKqO1NBg,UCaYxyR9mzVlTrOOyZD0XAmA,The Browns Super Bowl! Wheel of MUT! Ep. #37
2026-01-22T20:18:52.076790+00:00,US,34,1IJe7Jc8mB0,UCDg9Fp6UgruLwewWBgIOLwQ,I Don't Care
2026-01-22T20:18:52.076790+00:00,US,35,sZgmcUI1fbs,UC8CbFnDTYkiVweaz8y9wd_Q,Darth Maul Shadow Lord Trailer REACTION
2026-01-22T20:18:52.076790+00:00,US,36,yfEPN8jWLDE,UCXqV4yoyC_mmZye6VbKFPeQ,RESTRICTED_conditioning_1990
2026-01-22T20:18:52.076790+00:00,US,37,jtXSW5dGtr0,UCxTTBT-9qefz8-93KrKLtTg,Papaoutai (Afro Soul) - Stromae | Mikeeysmind | Tiktok Trending Version
2026-01-22T20:18:52.076790+00:00,US,38,Mo00i_RFcHk,UCkFbAywlXz4W0BCle2eFyUw,"DCU Batman Doomed, Man Of Tomorrow Update, Spider Man 4 & MORE!!"
2026-01-22T20:18:52.076790+00:00,US,39,qnWWAJAXyYA,UCel2B-6wZhvQHRAKXmpm1Ew,The SCARIEST Minecraft Horror Mod - The One Who Watches
2026-01-22T20:18:52.076790+00:00,US,40,O0XnNjIwXe0,UCZsBG3Ifv0mhDmQI5WwCZSA,Luhh Dyl - Still Having Problems (feat. NoCap) [Official Video]
2026-01-22T20:18:52.076790+00:00,US,41,J-EVc_BjMEQ,UC7BZTnHihGgs7XZmXEBirjA,Masters of the Universe (2026) – Official Teaser Trailer REACTION!!
2026-01-22T20:18:52.076790+00:00,US,42,cNvojTsh45I,UC7trU46U_9XPDtMnDbiDPUQ,HARDCORE MINECRAFT is actually beautiful
2026-01-22T20:18:52.076790+00:00,US,43,EwC0F1PMrJY,UCnGjxxnmYTUxRl85hrjtEBg,Don Omar - Aunque Te Fuiste (Visualizer)
2026-01-22T20:18:52.076790+00:00,US,44,odndfaNfKK4,UCVcBQQ45_GYt-hqh7Th8wNA,MOTU Trailer Reaction | Talking Tigers and Magic Swords?!
2026-01-22T20:18:52.076790+00:00,US,45,65jnkBVYfqA,UCk2uxbWi5py_iJXaEsh2YRA,Breaking Hardcore Minecraft to Get Revenge
2026-01-22T20:18:52.076790+00:00,US,46,zaxcBoshAdE,UC12HMtO5MYph9dCZZ7yygng,XG - 1st Full Album ‘THE CORE - 核’ (Visualizer)
2026-01-22T20:18:52.076790+00:00,US,47,YGtM2ZCWFtg,UCRX7UEyE8kp35mPrgC2sosA,MASTERS OF THE UNIVERSE | Official Teaser Trailer 2 (2026) 4K
2026-01-22T20:18:52.076790+00:00,US,48,AUWH7uHPgOY,UC-gW4TeZAlKm7UATp24JsWQ,We Played The Most Hilarious Game of 2026
2026-01-22T20:18:52.076790+00:00,US,49,fdKEN2ipsBU,UCKF2q8hxA_WczzhFCAGQOdw,Ros Kantri
2026-01-22T20:18:52.076790+00:00,US,50,KeE01qXXRvI,UCngMw0G2y2YFLPVbyEsfVog,The He-Man Movie is REAL?? Masters of the Universe 2026 Trailer Breakdown
2026-01-22T20:19:16.873767+00:00,US,1,m4sEaJhaKzI,UChEYVadfkMCfrKUi6qr3I1Q,"Kodak Black - Endless Nights feat. Gunna, Roddy Ricch, French Montana [Official Music Video]"
2026-01-22T20:19:16.873767+00:00,US,2,ZmEx7wQI6RY,UCf5CjDJvsFvtVIhkfmKAwAA,Masters of The Universe – Official Teaser Trailer
2026-01-22T20:19:16.873767+00:00,US,3,hXn6bvU1Kh4,UCjBp_7RuDBUYbd1LegWEJ8g,[4K] Developer_Direct 2026
2026-01-22T20:19:16.873767+00:00,US,4,KBxF7jPjSsI,UCJjRK3vyP6DmXs077_VejHw,Fox BD - Free Jr. Foxx (Official Music Video)
2026-01-22T20:19:16.873767+00:00,US,5,oonACDq89BY,UCZGYJFUizSax-yElQaFDp5Q,Star Wars: Maul - Shadow Lord | Official Teaser Trailer | Streaming April 6 on Disney+
2026-01-22T20:19:16.873767+00:00,US,6,uaE40kR6f_U,UCooVYzDxdwTtGYAkcPmOgOw,Glowbert needs a friend! (Brawl Stars Animation)
2026-01-22T20:19:16.873767+00:00,US,7,n1Q9rV0RV4k,UC3HAFIOd1GITlm8aiysyxxA,Journey - Don't Stop Believin' (Lyrics)
2026-01-22T20:19:16.873767+00:00,US,8,ZnfUeVeMKjY,UCQJWtTnAHhEG5w4uN0udnUQ,Invincible Season 4 - Official Trailer | Prime Video
2026-01-22T20:19:16.873767+00:00,US,9,fWeRcr3mX44,UC7_YxT-KID8kRbqZo7MyscQ,Random Horror Games
2026-01-22T20:19:16.873767+00:00,US,10,zy2TLLeNgp0,UCZjBqZjGsmI5OAVsLSroaWQ,DEF LEPPARD - Rejoice (Official Lyric Video)
2026-01-22T20:19:16.873767+00:00,US,11,SnWnFUcBL_0,UCLRlryMfL8ffxzrtqv0_k_w,MASTERS OF THE UNIVERSE Official Trailer (2026) He-Man
2026-01-22T20:19:16.873767+00:00,US,12,8b1qEsQIapI,UCzXwjTI6c6mVn6oui_p6oiw,NO JOHN PORK NOOOOO
2026-01-22T20:19:16.873767+00:00,US,13,hcx0QonGMRA,UCpbVuAz2yFpNVp0SoCzvFSw,THF Lil Law - It Go Up It Go Down | Shot by @TSimsFilmsInc
2026-01-22T20:19:16.873767+00:00,US,14,pWw-UENvdTw,UCydtMNspoPAlqBjFSGnigSw,Forza Horizon 6 - Official Gameplay Teaser Trailer
2026-01-22T20:19:16.873767+00:00,US,15,3ZAXqR10ZKE,UCP7l2eYJokMkMQVwPs8WB_A,Deadpool & Wolverine
2026-01-22T20:19:16.873767+00:00,US,16,6D7OHW8JT10,UCv9hh7nDzC7XiJz0WvIz__g,Foreigner - Waiting For A Girl Like You (Lyrics)
2026-01-22T20:19:16.873767+00:00,US,17,i1fqbyMXt1Y,UCVg9nCmmfIyP4QcGOnZZ9Qg,Street Fighter 6 - Alex Gameplay Trailer
2026-01-22T20:19:16.873767+00:00,US,18,tGeATNyMFn4,UC63anZxfVGHUEmfBAf5w7pw,Somethings Wrong At This Diner…
2026-01-22T20:19:16.873767+00:00,US,19,0IOP69dAZoE,UCsfPXoStha2wqN8hB9dFR2g,STOLE YA FLOW
2026-01-22T20:19:16.873767+00:00,US,20,2Ag4H4WxoxU,UCa2MXjBtWn91WPHWRBCLI6Q,He-Man: Masters Of The Universe - Trailer (2026) Nicholas Galitzine | Amazon MGM | Concept
2026-01-22T20:19:16.873767+00:00,US,21,lWBLU1ccssw,UCulXXKKrC3LjQpxGNPNMFPA,The ENTIRE Kingsman Marvel Rivals Drama
2026-01-22T20:19:16.873767+00:00,US,22,6mFI1ykxAXg,UCBHpKSBIuK0grzOV4JxPHeQ,Mahmud Bin Asraf - Papaoutai - Afro Soul | Music Video
2026-01-22T20:19:16.873767+00:00,US,23,1cfNZ_qLeOc,UCFctpiB_Hnlk3ejWfHqSm6Q,Pokémon TCG Pocket: Fantastical Parade | Official Trailer
2026-01-22T20:19:16.873767+00:00,US,24,UXWwCYCPHIM,UCYzPXprvl5Y-Sf0g4vX-m6g,Papers Please but Zombies (Quarantine Zone)
2026-01-22T20:19:16.873767+00:00,US,25,32gwCNwlIHc,UCK7wSPETZbh2PK4SX33SuqQ,Fuerza Regida - CHAVALITAS (Letra)
2026-01-22T20:19:16.873767+00:00,US,26,GKBybVSQ9LA,UCs95gwav7frv5HTVqAGa7uQ,Masters of The Universe – Official Teaser Trailer - Reaction!
2026-01-22T20:19:16.873767+00:00,US,27,DVB3hZoOF0A,UCGIY_O-8vW4rfX98KlMkvRg,Super Mario Bros. Wonder – Nintendo Switch 2 Edition + Meetup in Bellabel Park — What’s on the Way
2026-01-22T20:19:16.873767+00:00,US,28,5a0B6kW_Xmc,UC5ZdSLpWcyGkyuOrIjI1Bdg,BOO (Radio Edit)
2026-01-22T20:19:16.873767+00:00,US,29,06hgj8Bl-0w,UCi8e0iOVk1fEOogdfu4YgfA,Masters of the Universe Teaser Trailer (2026)
2026-01-22T20:19:16.873767+00:00,US,30,hubd833y18E,UCKqH_9mk1waLgBiL2vT5b9g,GTA5 Online - Spider-Man and Classic Car Darts! (Overtime Rumble)
2026-01-22T20:19:16.873767+00:00,US,31,x0gspgAo7QA,UCdig85O-k5LCkMshTnP0Xzw,Montagem Miau
2026-01-22T20:19:16.873767+00:00,US,32,xdU6S7TmNu0,UCOgaIuQYGr6ow_jbote4BKA,IT'S THE ALEX TRAILER & 2XKO Full Launch! 🔴Full Stream🔴 (1-21)
2026-01-22T20:19:16.873767+00:00,US,33,TvLeKqO1NBg,UCaYxyR9mzVlTrOOyZD0XAmA,The Browns Super Bowl! Wheel of MUT! Ep. #37
2026-01-22T20:19:16.873767+00:00,US,34,1IJe7Jc8mB0,UCDg9Fp6UgruLwewWBgIOLwQ,I Don't Care
2026-01-22T20:19:16.873767+00:00,US,35,sZgmcUI1fbs,UC8CbFnDTYkiVweaz8y9wd_Q,Darth Maul Shadow Lord Trailer REACTION
2026-01-22T20:19:16.873767+00:00,US,36,yfEPN8jWLDE,UCXqV4yoyC_mmZye6VbKFPeQ,RESTRICTED_conditioning_1990
2026-01-22T20:19:16.873767+00:00,US,37,jtXSW5dGtr0,UCxTTBT-9qefz8-93KrKLtTg,Papaoutai (Afro Soul) - Stromae | Mikeeysmind | Tiktok Trending Version
2026-01-22T20:19:16.873767+00:00,US,38,Mo00i_RFcHk,UCkFbAywlXz4W0BCle2eFyUw,"DCU Batman Doomed, Man Of Tomorrow Update, Spider Man 4 & MORE!!"
2026-01-22T20:19:16.873767+00:00,US,39,qnWWAJAXyYA,UCel2B-6wZhvQHRAKXmpm1Ew,The SCARIEST Minecraft Horror Mod - The One Who Watches
2026-01-22T20:19:16.873767+00:00,US,40,O0XnNjIwXe0,UCZsBG3Ifv0mhDmQI5WwCZSA,Luhh Dyl - Still Having Problems (feat. NoCap) [Official Video]
2026-01-22T20:19:16.873767+00:00,US,41,J-EVc_BjMEQ,UC7BZTnHihGgs7XZmXEBirjA,Masters of the Universe (2026) – Official Teaser Trailer REACTION!!
2026-01-22T20:19:16.873767+00:00,US,42,cNvojTsh45I,UC7trU46U_9XPDtMnDbiDPUQ,HARDCORE MINECRAFT is actually beautiful
2026-01-22T20:19:16.873767+00:00,US,43,EwC0F1PMrJY,UCnGjxxnmYTUxRl85hrjtEBg,Don Omar - Aunque Te Fuiste (Visualizer)
2026-01-22T20:19:16.873767+00:00,US,44,odndfaNfKK4,UCVcBQQ45_GYt-hqh7Th8wNA,MOTU Trailer Reaction | Talking Tigers and Magic Swords?!
2026-01-22T20:19:16.873767+00:00,US,45,65jnkBVYfqA,UCk2uxbWi5py_iJXaEsh2YRA,Breaking Hardcore Minecraft to Get Revenge
2026-01-22T20:19:16.873767+00:00,US,46,zaxcBoshAdE,UC12HMtO5MYph9dCZZ7yygng,XG - 1st Full Album ‘THE CORE - 核’ (Visualizer)
2026-01-22T20:19:16.873767+00:00,US,47,YGtM2ZCWFtg,UCRX7UEyE8kp35mPrgC2sosA,MASTERS OF THE UNIVERSE | Official Teaser Trailer 2 (2026) 4K
2026-01-22T20:19:16.873767+00:00,US,48,AUWH7uHPgOY,UC-gW4TeZAlKm7UATp24JsWQ,We Played The Most Hilarious Game of 2026
2026-01-22T20:19:16.873767+00:00,US,49,fdKEN2ipsBU,UCKF2q8hxA_WczzhFCAGQOdw,Ros Kantri
2026-01-22T20:19:16.873767+00:00,US,50,KeE01qXXRvI,UCngMw0G2y2YFLPVbyEsfVog,The He-Man Movie is REAL?? Masters of the Universe 2026 Trailer Breakdown
2026-01-23T18:27:01.013476+00:00,US,1,rA_eCxPay7E,UCbOCbp5gXL8jigIBZLqMPrw,Harry Styles - Aperture (Official Audio)
2026-01-23T18:27:01.013476+00:00,US,2,ZmEx7wQI6RY,UCf5CjDJvsFvtVIhkfmKAwAA,Masters of The Universe – Official Teaser Trailer
2026-01-23T18:27:01.013476+00:00,US,3,r-vsKE1D6Nw,UCbu2SsF-Or3Rsn3NxqODImw,Fable Gameplay Overview | Xbox Developer Direct 2026
2026-01-23T18:27:01.013476+00:00,US,4,cUfDOS2SINM,UC12HMtO5MYph9dCZZ7yygng,XG - HYPNOTIZE (Official Music Video)
2026-01-23T18:27:01.013476+00:00,US,5,oonACDq89BY,UCZGYJFUizSax-yElQaFDp5Q,Star Wars: Maul - Shadow Lord | Official Teaser Trailer | Streaming April 6 on Disney+
2026-01-23T18:27:01.013476+00:00,US,6,hXn6bvU1Kh4,UCjBp_7RuDBUYbd1LegWEJ8g,[4K] Developer_Direct 2026
2026-01-23T18:27:01.013476+00:00,US,7,TBV8_0BqIw8,UCW5bkwocGGoeJjHTJZIEAOw,Ride The Lightning (Bonus Track)
2026-01-23T18:27:01.013476+00:00,US,8,ZnfUeVeMKjY,UCQJWtTnAHhEG5w4uN0udnUQ,Invincible Season 4 - Official Trailer | Prime Video
2026-01-23T18:27:01.013476+00:00,US,9,HU_LFY9cBGY,UC63anZxfVGHUEmfBAf5w7pw,This Game Almost Made Me Faint…
2026-01-23T18:27:01.013476+00:00,US,10,85UJ8Rvfj9g,UCFl7yKfcRcFmIUbKeCA-SJQ,Joji - Last of a Dying Breed (Visualizer)
2026-01-23T18:27:01.013476+00:00,US,11,pWw-UENvdTw,UCydtMNspoPAlqBjFSGnigSw,Forza Horizon 6 - Official Gameplay Teaser Trailer
2026-01-23T18:27:01.013476+00:00,US,12,dj2PkwfrRP0,UCKy1dAqELo0zrOtPkf0eTMw,Forza Horizon 6 Gameplay Overview | Xbox Developer Direct 2026
2026-01-23T18:27:01.013476+00:00,US,13,pBZxDWMeuUc,UC2CCXzC56k0b8L49R_iW-Yw,DABABY - POP DAT THING (Official Audio)
2026-01-23T18:27:01.013476+00:00,US,14,_4zJJSEm1ag,UC-2Y8dQb0S6DtpxNgAKoJKA,Fable - Gameplay Teaser | PS5 Games
2026-01-23T18:27:01.013476+00:00,US,15,7yMTkGMw8D0,UC7_YxT-KID8kRbqZo7MyscQ,"THEY'RE INSIDE... | No, I Am Not Human - Part 2"
2026-01-23T18:27:01.013476+00:00,US,16,edZVnKxKEUU,UCSf-NCzjwcnXErUBW_qeFvA,SO BE IT | Elevation Worship (feat. Tiffany Hudson & Chris Brown)
2026-01-23T18:27:01.013476+00:00,US,17,SnWnFUcBL_0,UCLRlryMfL8ffxzrtqv0_k_w,MASTERS OF THE UNIVERSE Official Trailer (2026) He-Man
2026-01-23T18:27:01.013476+00:00,US,18,uaE40kR6f_U,UCooVYzDxdwTtGYAkcPmOgOw,Glowbert needs a friend! (Brawl Stars Animation)
2026-01-23T18:27:01.013476+00:00,US,19,9MHkpWGqVQ0,UCFpoaM12604J5sn625SIn1A,42 Dugg (feat. Skilla Baby) - Thick One (Official Audio)
2026-01-23T18:27:01.013476+00:00,US,20,YEPEM1BoBuo,UCDiFRMQWpcp8_KD4vwIVicw,MASTERS OF THE UNIVERSE TRAILER 2026: He-Man Reboot Movie
2026-01-23T18:27:01.013476+00:00,US,21,DYXm8jVihLQ,UCxsk7hqE_CwZWGEJEkGanbA,Roblox Finally Listened.
2026-01-23T18:27:01.013476+00:00,US,22,Hey8sTZnPNo,UCQ5NyEL2K6VW-lKRru1XmUw,Kenia Os - Una y Otra Vez (Video Oficial)
2026-01-23T18:27:01.013476+00:00,US,23,nclS6z4ZTSg,UCgMJGv4cQl8-q71AyFeFmtg,MAUL: Shadow Lord Trailer BREAKDOWN - Star Wars Easter Eggs You Missed!
2026-01-23T18:27:01.013476+00:00,US,24,kGa-fPqe9Fc,UC5sc1ysFs7RfjjEFMuQ3ZQw,The video ends when I actually like 5 Roblox games
2026-01-23T18:27:01.013476+00:00,US,25,m4sEaJhaKzI,UChEYVadfkMCfrKUi6qr3I1Q,"Kodak Black - Endless Nights feat. Gunna, Roddy Ricch, French Montana [Official Music Video]"
2026-01-23T18:27:01.013476+00:00,US,26,i1fqbyMXt1Y,UCVg9nCmmfIyP4QcGOnZZ9Qg,Street Fighter 6 - Alex Gameplay Trailer
2026-01-23T18:27:01.013476+00:00,US,27,MeuQj8V78h4,UCQeRaTukNYft1_6AZPACnog,Xbox revealed new games
2026-01-23T18:27:01.013476+00:00,US,28,_lvkBWjoqcw,UC9BOQMKBaG8XxoiIHqn71vQ,MY SHEPHERD
2026-01-23T18:27:01.013476+00:00,US,29,TCscyRNNvck,UC7yRILFFJ2QZCykymr8LPwA,MASTERS OF THE UNIVERSE TRAILER REACTION
2026-01-23T18:27:01.013476+00:00,US,30,AM84xZhW7dk,UCke6I9N4KfC968-yRcd5YRg,Picking Up MOBS For ABILITIES in Minecraft
2026-01-23T18:27:01.013476+00:00,US,31,DMMkzr7nzi8,UC4WRFyVepKkXbBW7rFxKdIw,Lil Noonie x Big Opp - On Da Same Shit (Official Music Video)
2026-01-23T18:27:01.013476+00:00,US,32,GKBybVSQ9LA,UCs95gwav7frv5HTVqAGa7uQ,Masters of The Universe – Official Teaser Trailer - Reaction!
2026-01-23T18:27:01.013476+00:00,US,33,5uiVpSBOtP0,UCbjVsshw_-h8ZRQBYAacA2Q,TNA iMPACT!
2026-01-23T18:27:01.013476+00:00,US,34,i-V04QhkUoQ,UCvTEOPrdg8f_mufsqH3VGQw,"Rich The Kid, Blueface, DDG - VIBES (Official Video)"
2026-01-23T18:27:01.013476+00:00,US,35,1cfNZ_qLeOc,UCFctpiB_Hnlk3ejWfHqSm6Q,Pokémon TCG Pocket: Fantastical Parade | Official Trailer
2026-01-23T18:27:01.013476+00:00,US,36,NGkkj-0fA1I,UCP7l2eYJokMkMQVwPs8WB_A,Venom
2026-01-23T18:27:01.013476+00:00,US,37,B1vl8HR4GW8,UCfbWfPsJvTXWzPOvPWadkMQ,Mom Wish We Could Talk
2026-01-23T18:27:01.013476+00:00,US,38,UbhEXV5R0gY,UCs1APU4_lj3PgZz2B4HeadA,Masters of The Universe – Official Teaser Trailer REACTION!!
2026-01-23T18:27:01.013476+00:00,US,39,ejj6RMesxeQ,UCRkuUgtDAL4XSU5jB40J_wA,"Spending $8,624,742 To Become The STRONGEST In Roblox!"
2026-01-23T18:27:01.013476+00:00,US,40,KBxF7jPjSsI,UCJjRK3vyP6DmXs077_VejHw,Fox BD - Free Jr. Foxx (Official Music Video)
2026-01-23T18:27:01.013476+00:00,US,41,2Ag4H4WxoxU,UCa2MXjBtWn91WPHWRBCLI6Q,He-Man: Masters Of The Universe - Trailer (2026) Nicholas Galitzine | Amazon MGM | Concept
2026-01-23T18:27:01.013476+00:00,US,42,JGxKG1mGSWs,UCWVSknuLPIRVGWf-4bFKT4Q,10 Seconds vs 1 Hour GIANT MAZE Build Challenge!
2026-01-23T18:27:01.013476+00:00,US,43,x0gspgAo7QA,UCdig85O-k5LCkMshTnP0Xzw,Montagem Miau
2026-01-23T18:27:01.013476+00:00,US,44,p-ZsB5qHoKI,UC8CbFnDTYkiVweaz8y9wd_Q,Darth Maul Shadow Lord BREAKDOWN
2026-01-23T18:27:01.013476+00:00,US,45,lWBLU1ccssw,UCulXXKKrC3LjQpxGNPNMFPA,The ENTIRE Kingsman Marvel Rivals Drama
2026-01-23T18:27:01.013476+00:00,US,46,RkgJNt54nc4,UCDg9Fp6UgruLwewWBgIOLwQ,Loyalty
2026-01-23T18:27:01.013476+00:00,US,47,geJTYjFoqEU,UCkFbAywlXz4W0BCle2eFyUw,The Masters Of The Universe Trailer Looks...
2026-01-23T18:27:01.013476+00:00,US,48,38mLqbQdy6Q,UCaYxyR9mzVlTrOOyZD0XAmA,The NFL Playoff Cards are CRACKED!
2026-01-23T18:27:01.013476+00:00,US,49,sR1rgLFnGOE,UClQ-e_FPsOzJV7NcNqEqvzw,Opening Night
2026-01-23T18:27:01.013476+00:00,US,50,7FnmQzrvbUI,UCYyDbdaja1UDNdFSwUrYVGA,Masters Of The Universe Full Trailer Arrives - Does It Live Up To The Hype?
2026-01-24T03:15:56.686784+00:00,US,1,7sxVHYZ_PnA,UCbOCbp5gXL8jigIBZLqMPrw,Harry Styles - Aperture (Official Video)
2026-01-24T03:15:56.686784+00:00,US,2,V2Gx9icNQiA,UCn_FAXem2-e3HQvmK-mOH4g,GAMEOVERSE [TRAILER]
2026-01-24T03:15:56.686784+00:00,US,3,LDoIej3-ylA,UCbjVsshw_-h8ZRQBYAacA2Q,My Cousin Vinny
2026-01-24T03:15:56.686784+00:00,US,4,G1l_yUbex0g,UCxw78-TUwaA2xqQkmjVHGLw,Belly Gang Kushington - Rent Due (Official Music Video)
2026-01-24T03:15:56.686784+00:00,US,5,ZmEx7wQI6RY,UCf5CjDJvsFvtVIhkfmKAwAA,Masters of The Universe – Official Teaser Trailer
2026-01-24T03:15:56.686784+00:00,US,6,rQiqP4dY-ms,UCsPMNatXCwqyUuJilBT73jg,I GOT #1 Leadboard in Escape Tsunami For Brainrots..
2026-01-24T03:15:56.686784+00:00,US,7,cUfDOS2SINM,UC12HMtO5MYph9dCZZ7yygng,XG - HYPNOTIZE (Official Music Video)
2026-01-24T03:15:56.686784+00:00,US,8,oonACDq89BY,UCZGYJFUizSax-yElQaFDp5Q,Star Wars: Maul - Shadow Lord | Official Teaser Trailer | Streaming April 6 on Disney+
2026-01-24T03:15:56.686784+00:00,US,9,sJ_VD7Lz2rU,UCYzPXprvl5Y-Sf0g4vX-m6g,Quarantine Zone  - Part 2
2026-01-24T03:15:56.686784+00:00,US,10,TBV8_0BqIw8,UCW5bkwocGGoeJjHTJZIEAOw,Ride The Lightning (Bonus Track)
2026-01-24T03:15:56.686784+00:00,US,11,ZnfUeVeMKjY,UCQJWtTnAHhEG5w4uN0udnUQ,Invincible Season 4 - Official Trailer | Prime Video
2026-01-24T03:15:56.686784+00:00,US,12,Ov7eaBLpleo,UCoRjsuzMh-MqfRjvlqaVLPw,I Gave My Crush Her Own Base In Steal a Brainrot!
2026-01-24T03:15:56.686784+00:00,US,13,iUFlb4YYYKo,UCgT01FILdWB9BsXBXKjpQ7A,Don Toliver - ATM [Official Video]
2026-01-24T03:15:56.686784+00:00,US,14,Et4clt5xdI4,UCiifkYAs_bq1pt_zbNAzYGg,Supergirl | Blast Off :30
2026-01-24T03:15:56.686784+00:00,US,15,3TUTfchZ5w4,UCRkuUgtDAL4XSU5jB40J_wA,ROBLOX ESCAPE TSUNAMI FOR LUCKY BLOCKS..
2026-01-24T03:15:56.686784+00:00,US,16,pBZxDWMeuUc,UC2CCXzC56k0b8L49R_iW-Yw,DABABY - POP DAT THING (Official Audio)
2026-01-24T03:15:56.686784+00:00,US,17,pWw-UENvdTw,UCydtMNspoPAlqBjFSGnigSw,Forza Horizon 6 - Official Gameplay Teaser Trailer
2026-01-24T03:15:56.686784+00:00,US,18,p__lQG5C_GE,UCCWSG8MXoqvIEBPRnOSxwzw,OpTic TEXAS VS CAROLINA ROYAL RAVENS!! SCUMP WATCH PARTY - CDL MAJOR 1 QUALIFIERS WEEK 5
2026-01-24T03:15:56.686784+00:00,US,19,BXM6vxMGM-M,UCHE7rAi1Fw1CBmQXFtvJmrw,A$AP Rocky - FLACKITO JODYE (Official Video) ft. Tokischa
2026-01-24T03:15:56.686784+00:00,US,20,_4zJJSEm1ag,UC-2Y8dQb0S6DtpxNgAKoJKA,Fable - Gameplay Teaser | PS5 Games
2026-01-24T03:15:56.686784+00:00,US,21,MeuQj8V78h4,UCQeRaTukNYft1_6AZPACnog,Xbox revealed new games
2026-01-24T03:15:56.686784+00:00,US,22,qDyUb2JjRHc,UChFLDvWugOtrzxmUCAjfnGg,42 Dugg & EST Gee - No Fakin (Official Video)
2026-01-24T03:15:56.686784+00:00,US,23,SnWnFUcBL_0,UCLRlryMfL8ffxzrtqv0_k_w,MASTERS OF THE UNIVERSE Official Trailer (2026) He-Man
2026-01-24T03:15:56.686784+00:00,US,24,HU_LFY9cBGY,UC63anZxfVGHUEmfBAf5w7pw,This Game Almost Made Me Faint…
2026-01-24T03:15:56.686784+00:00,US,25,85UJ8Rvfj9g,UCFl7yKfcRcFmIUbKeCA-SJQ,Joji - Last of a Dying Breed (Visualizer)
2026-01-24T03:15:56.686784+00:00,US,26,DOhDv1WdDsg,UCzcRQ3vRNr6fJ1A9rqFn7QA,"SUPERGIRL ""Lobo"" Teaser (2026) Jason Momoa"
2026-01-24T03:15:56.686784+00:00,US,27,r-vsKE1D6Nw,UCbu2SsF-Or3Rsn3NxqODImw,Fable Gameplay Overview | Xbox Developer Direct 2026
2026-01-24T03:15:56.686784+00:00,US,28,edZVnKxKEUU,UCSf-NCzjwcnXErUBW_qeFvA,SO BE IT | Elevation Worship (feat. Tiffany Hudson & Chris Brown)
2026-01-24T03:15:56.686784+00:00,US,29,BCOCbnsdbk0,UC5T0tXJN5CrMZUEJuz4oovw,Star Trek Learing Academy | He/Him Trailer | Hollywood in PANIC Mode - Friday Night Tights 390 w RMB
2026-01-24T03:15:56.686784+00:00,US,30,EEc6aQR_nfo,UCJ2ZDzMRgSrxmwphstrm8Ww,Smosh Cast Casting Spells with Magic: The Gathering
2026-01-24T03:15:56.686784+00:00,US,31,VBxwLtSZXOk,UC0ifXd2AVf1LMYbqwB5GH4g,Polo G - Boring Soul (Official Video)
2026-01-24T03:15:56.686784+00:00,US,32,-A7eNUfqePg,UC9mYrRBld2BQow8Oy0_OrNA,Half Sword - Early Access trailer
2026-01-24T03:15:56.686784+00:00,US,33,AIg46YpSUvg,UCdqyA7s-WBsgFamaEEu8GZg,STEAL A BRAINROT GIVEAWAY LIVE | STEAL A BRAINROT FREE SECRETS + FREE BRAINROT GODS
2026-01-24T03:15:56.686784+00:00,US,34,RkgJNt54nc4,UCDg9Fp6UgruLwewWBgIOLwQ,Loyalty
2026-01-24T03:15:56.686784+00:00,US,35,utYq3OSV8C4,UCDiFRMQWpcp8_KD4vwIVicw,INVINCIBLE SEASON 4 TRAILER: Thragg vs Omni-Man and Things You Missed!
2026-01-24T03:15:56.686784+00:00,US,36,hXn6bvU1Kh4,UCjBp_7RuDBUYbd1LegWEJ8g,[4K] Developer_Direct 2026
2026-01-24T03:15:56.686784+00:00,US,37,fgEWfWtIm6A,UC5Qqpo0QGvIbNmfmrMdQ9Vg,Por Quién Me Dejas (En vivo)
2026-01-24T03:15:56.686784+00:00,US,38,zhQLM1lpeQs,UCVW1RiWXTQL-G-3KcoRy-_g,Survivor 50 | Official Trailer
2026-01-24T03:15:56.686784+00:00,US,39,E8AMWhvdPBI,UCFKDEp9si4RmHFWJW1vYsMA,Hermitcraft S11#5: Launching Hermits
2026-01-24T03:15:56.686784+00:00,US,40,b3KQW982tUE,UCsfdSatoxCEivNuLxGxZYpg,BigXthaPlug ft. That Mexican OT & DaBaby – Out The Way (Music Video)
2026-01-24T03:15:56.686784+00:00,US,41,R3P9GUY-pGw,UClzCn8DxRSCuMFv_WfzkcrQ,Marshals Season 1 Official Trailer
2026-01-24T03:15:56.686784+00:00,US,42,7yMTkGMw8D0,UC7_YxT-KID8kRbqZo7MyscQ,"THEY'RE INSIDE... | No, I Am Not Human - Part 2"
2026-01-24T03:15:56.686784+00:00,US,43,_lvkBWjoqcw,UC9BOQMKBaG8XxoiIHqn71vQ,MY SHEPHERD
2026-01-24T03:15:56.686784+00:00,US,44,nclS6z4ZTSg,UCgMJGv4cQl8-q71AyFeFmtg,MAUL: Shadow Lord Trailer BREAKDOWN - Star Wars Easter Eggs You Missed!
2026-01-24T03:15:56.686784+00:00,US,45,dj2PkwfrRP0,UCKy1dAqELo0zrOtPkf0eTMw,Forza Horizon 6 Gameplay Overview | Xbox Developer Direct 2026
2026-01-24T03:15:56.686784+00:00,US,46,JdCkPewFsc8,UC-XSYe_TuXZX1iIBVbUG7sg,"Phil Wickham, Crowder - It Really Is Amazing Grace (Official Music Video)"
2026-01-24T03:15:56.686784+00:00,US,47,1PYhbIPPbw4,UCYzEMRKqrh01-tauv7MYyVQ,MSU Trailer
2026-01-24T03:15:56.686784+00:00,US,48,s8StUBLqDJU,UCtwOgy4vDxfGmsHR0YMVufg,THE BOYS vs THE MOUNTAIN
2026-01-24T03:15:56.686784+00:00,US,49,B1vl8HR4GW8,UCfbWfPsJvTXWzPOvPWadkMQ,Mom Wish We Could Talk
2026-01-24T03:15:56.686784+00:00,US,50,XZRhdi6svoY,UC68nKdrLbLL0Vj7ilVkLmmg,"Om Shanti Shanti Shantihi - Official Trailer | Tharun Bhascker, Eesha Rebba | AR Sajeev | Jay Krish"
